-- phpMyAdmin SQL Dump
-- version 5.0.2
-- https://www.phpmyadmin.net/
--
-- Host: 127.0.0.1
-- Generation Time: Nov 30, 2020 at 08:46 AM
-- Server version: 10.4.14-MariaDB
-- PHP Version: 7.4.9

SET SQL_MODE = "NO_AUTO_VALUE_ON_ZERO";
START TRANSACTION;
SET time_zone = "+00:00";


/*!40101 SET @OLD_CHARACTER_SET_CLIENT=@@CHARACTER_SET_CLIENT */;
/*!40101 SET @OLD_CHARACTER_SET_RESULTS=@@CHARACTER_SET_RESULTS */;
/*!40101 SET @OLD_COLLATION_CONNECTION=@@COLLATION_CONNECTION */;
/*!40101 SET NAMES utf8mb4 */;

--
-- Database: `almanar`
--

-- --------------------------------------------------------

--
-- Table structure for table `admin`
--

CREATE TABLE `admin` (
  `id` int(11) NOT NULL,
  `email` varchar(255) NOT NULL,
  `image` varchar(255) NOT NULL,
  `password` varchar(255) NOT NULL
) ENGINE=InnoDB DEFAULT CHARSET=utf8;

--
-- Dumping data for table `admin`
--

INSERT INTO `admin` (`id`, `email`, `image`, `password`) VALUES
(1, 'admin@gmail.com', 'admin.jpg', 'admin');

-- --------------------------------------------------------

--
-- Table structure for table `blogs`
--

CREATE TABLE `blogs` (
  `blog_id` int(11) NOT NULL,
  `title` varchar(255) NOT NULL,
  `image` varchar(255) NOT NULL,
  `application` text NOT NULL,
  `date` date NOT NULL,
  `status` int(11) NOT NULL
) ENGINE=InnoDB DEFAULT CHARSET=utf8;

--
-- Dumping data for table `blogs`
--

INSERT INTO `blogs` (`blog_id`, `title`, `image`, `application`, `date`, `status`) VALUES
(4, 'à¦ªà¦¬à¦¿à¦¤à§à¦° à¦¹à¦œà§‡ à¦†à¦°à¦¾à¦«à¦¾à¦¤à§‡à¦° à¦–à§à¦¤à¦¬à¦¾à§Ÿ à¦¯à¦¾ à¦¬à¦²à¦²à§‡à¦¨ à¦–à¦¤à¦¿à¦¬', 'khatib.jfif', '<p>à¦‡à¦¸à¦²à¦¾à¦®à§‡à¦° à¦ªà¦¾à¦à¦šà¦Ÿà¦¿ à¦¸à§à¦¤à¦®à§à¦­à§‡à¦° à¦à¦•à¦Ÿà¦¿ à¦¹à¦² à¦¹à¦œà¥¤ à¦¹à¦œ à¦…à¦¤à§à¦¯à¦¨à§à¦¤ à¦—à§à¦°à§à¦¤à§à¦¬à¦ªà§‚à¦°à§à¦£ à¦“ à¦«à¦œà¦¿à¦²à¦¤à¦ªà§‚à¦°à§à¦£ à¦à¦•à¦Ÿà¦¿ à¦‡à¦¬à¦¾à¦¦à¦¤à¥¤ à¦†à¦°à§à¦¥à¦¿à¦• à¦à¦¬à¦‚ à¦¶à¦¾à¦°à§€à¦°à¦¿à¦• à¦¸à¦•à§à¦·à¦® à¦ªà§à¦°à¦¤à§à¦¯à§‡à¦• à¦®à§à¦¸à¦²à¦®à¦¾à¦¨à§‡à¦° à¦œà¦¨à§à¦¯ à¦œà§€à¦¬à¦¨à§‡ à¦à¦•à¦¬à¦¾à¦° à¦¹à¦²à§‡à¦“ à¦¹à¦œ à¦•à¦°à¦¾à¦•à§‡ à¦«à¦°à¦œ à¦•à¦°à¦¾ à¦¹à¦¯à¦¼à§‡à¦›à§‡à¥¤ à¦•à¦¾à¦°à¦“ à¦¹à¦œ à¦¯à¦¦à¦¿ à¦•à¦¬à§à¦² à¦¹à¦¯à¦¼, à¦¤à¦¾à¦° à¦œà¦¨à§à¦¯ à¦†à¦²à§à¦²à¦¾à¦¹à¦¤à¦¾à¦¯à¦¼à¦¾à¦²à¦¾ à¦ªà§à¦°à¦¸à§à¦•à¦¾à¦° à¦¹à¦¿à¦¸à§‡à¦¬à§‡ à¦˜à§‹à¦·à¦£à¦¾ à¦•à¦°à§‡à¦›à§‡à¦¨ à¦œà¦¾à¦¨à§à¦¨à¦¾à¦¤à¥¤</p>\r\n\r\n<p>à¦¬à§ˆà¦¶à§à¦¬à¦¿à¦• à¦®à¦¹à¦¾à¦®à¦¾à¦°à§€ à¦•à¦°à§‹à¦¨à¦¾à¦° à¦•à¦¾à¦°à¦£à§‡ à¦…à¦¤à§à¦¯à¦¨à§à¦¤ à¦¸à§€à¦®à¦¿à¦¤ à¦ªà¦°à¦¿à¦¸à¦°à§‡ à¦®à¦¾à¦¤à§à¦° à§§à§¦ à¦¹à¦¾à¦œà¦¾à¦° à¦¹à¦œà¦¯à¦¾à¦¤à§à¦°à§€ à¦¨à¦¿à¦¯à¦¼à§‡ à¦ªà¦¾à¦²à¦¿à¦¤ à¦¹à¦šà§à¦›à§‡ à¦à¦¬à¦¾à¦°à§‡à¦° à¦¹à¦œà¥¤ à¦†à¦œ à¦ªà¦¬à¦¿à¦¤à§à¦° à¦¹à¦œà§‡à¦° à¦®à§‚à¦²à¦ªà¦°à§à¦¬ à¦¬à¦¾ à¦†à¦°à¦¾à¦«à¦¾à¦¤à§‡à¦° à¦®à¦¯à¦¼à¦¦à¦¾à¦¨à§‡ à¦…à¦¬à¦¸à§à¦¥à¦¾à¦¨à§‡à¦° à¦¦à¦¿à¦¨à¥¤ à¦à¦¦à¦¿à¦¨à§‡à¦° à¦…à¦¨à§‡à¦• à¦«à¦œà¦¿à¦²à¦¤ à¦°à¦¯à¦¼à§‡à¦›à§‡à¥¤ à¦¹à¦¾à¦¦à¦¿à¦¸à§‡ à¦†à¦›à§‡, à¦†à¦²à¦¹à¦¾à¦œà§à¦œà§ à¦†à¦°à¦¾à¦«à¦¾à¦¹ à¦¬à¦¾ à¦†à¦°à¦¾à¦«à¦¾à¦‡ à¦¹à¦œà¥¤</p>\r\n\r\n<p>à¦¸à¦®à¦¸à§à¦¤ à¦¹à¦œà¦¯à¦¾à¦¤à§à¦°à§€ à¦¬à§ƒà¦¹à¦¸à§à¦ªà¦¤à¦¿à¦¬à¦¾à¦° à¦¸à¦•à¦¾à¦² à¦¥à§‡à¦•à§‡à¦‡ à¦†à¦°à¦¾à¦«à¦¾à¦¤à§‡à¦° à¦®à¦¯à¦¼à¦¦à¦¾à¦¨à§‡ à¦…à¦¬à¦¸à§à¦¥à¦¾à¦¨ à¦•à¦°à¦›à§‡à¦¨à¥¤ à¦¥à¦¾à¦•à¦¬à§‡à¦¨ à¦¸à¦¨à§à¦§à§à¦¯à¦¾ à¦ªà¦°à§à¦¯à¦¨à§à¦¤à¥¤</p>\r\n\r\n<p>à¦¬à¦¾à¦‚à¦²à¦¾à¦¦à§‡à¦¶ à¦¸à¦®à¦¯à¦¼ à§©à¦Ÿà¦¾ à§¨à§« à¦®à¦¿à¦¨à¦¿à¦Ÿà§‡ à¦†à¦°à¦¾à¦«à¦¾à¦¤à§‡à¦° à¦®à¦¯à¦¼à¦¦à¦¾à¦¨à§‡ à¦®à¦¸à¦œà¦¿à¦¦à§‡ à¦¨à¦¾à¦®à¦¿à¦°à¦¾ à¦¥à§‡à¦•à§‡ à¦–à§à¦¤à¦¬à¦¾ à¦¦à§‡à¦¯à¦¼à¦¾ à¦¹à¦¯à¦¼à¥¤ à¦¶à§‡à¦· à¦¹à¦¯à¦¼ à§©à¦Ÿà¦¾ à§«à§­ à¦®à¦¿à¦¨à¦¿à¦Ÿà§‡à¥¤ à¦–à§à¦¤à¦¬à¦¾ à¦ªà§à¦°à¦¦à¦¾à¦¨ à¦•à¦°à§‡à¦¨ à¦¶à¦¾à¦¯à¦¼à¦– à¦†à¦¬à§à¦¦à§à¦²à§à¦²à¦¾à¦¹ à¦‡à¦¬à¦¨à§‡ à¦¸à§à¦²à¦¾à¦‡à¦®à¦¾à¦¨ à¦†à¦²-à¦®à¦¾à¦¨à¦¿à¦¯à¦¼à¦¾à¥¤</p>\r\n\r\n<p>à¦¤à¦¿à¦¨à¦¿ à¦†à¦²à§à¦²à¦¾à¦¹à¦¤à¦¾à¦¯à¦¼à¦¾à¦²à¦¾à¦° à¦ªà§à¦°à¦¶à¦‚à¦¸à¦¾ à¦“ à¦¨à¦¬à§€à¦œà¦¿ (à¦¸à¦¾.) à¦à¦° à¦“à¦ªà¦° à¦¦à¦°à§à¦¦ à¦ªà¦¾à¦  à¦•à¦°à¦¾à¦° à¦ªà¦° à¦¬à¦²à§‡à¦¨- à¦¹à§‡ à¦®à§à¦¸à¦²à¦¿à¦® à¦¸à¦®à§à¦ªà§à¦°à¦¦à¦¾à¦¯à¦¼, à¦†à¦®à¦¿ à¦¤à§‹à¦®à¦¾à¦¦à§‡à¦° à¦ªà§à¦°à¦¤à¦¿ à¦‰à¦ªà¦¦à§‡à¦¶ à¦¦à¦¿à¦šà§à¦›à¦¿, à¦¤à§‹à¦®à¦°à¦¾ à¦†à¦²à§à¦²à¦¾à¦¹à¦¤à¦¾à¦¯à¦¼à¦¾à¦²à¦¾à¦•à§‡ à¦­à¦¯à¦¼ à¦•à¦°à¥¤ à¦à¦° à¦®à¦¾à¦§à§à¦¯à¦®à§‡ à¦†à¦ªà¦¤à¦¿à¦¤ à¦¸à¦¬ à¦†à¦ªà¦¦-à¦¬à¦¿à¦ªà¦¦ à¦¤à¦¿à¦¨à¦¿ à¦¦à§‚à¦° à¦•à¦°à§‡ à¦¦à¦¿à¦¬à§‡à¦¨à¥¤ à¦†à¦²à§à¦²à¦¾à¦¹à¦¤à¦¾à¦¯à¦¼à¦¾à¦²à¦¾à¦•à§‡ à¦­à¦¯à¦¼ à¦•à¦°à¦¾à¦° à¦…à¦°à§à¦¥ à¦¹à¦²- à¦¸à§à¦–à§‡-à¦¦à§à¦ƒà¦–à§‡, à¦¶à¦¾à¦¨à§à¦¤à¦¿à¦¤à§‡-à¦…à¦¶à¦¾à¦¨à§à¦¤à¦¿à¦¤à§‡ à¦†à¦²à§à¦²à¦¾à¦¹à¦¤à¦¾à¦¯à¦¼à¦¾à¦²à¦¾à¦° à¦•à¦¾à¦›à§‡à¦‡ à¦¸à¦®à¦°à§à¦ªà¦¿à¦¤ à¦¹à¦“à¦¯à¦¼à¦¾à¥¤ à¦•à§‹à¦¨à§‹ à¦•à¦¿à¦›à§à¦° à¦ªà§à¦°à¦¯à¦¼à§‹à¦œà¦¨ à¦¹à¦²à§‡ à¦¤à¦¾à¦à¦° à¦•à¦¾à¦›à§‡à¦‡ à¦šà¦¾à¦“à¦¯à¦¼à¦¾à¥¤ à¦ªà§ƒà¦¥à¦¿à¦¬à§€à¦° à¦•à§‹à¦¨à§‹ à¦¸à§ƒà¦·à§à¦Ÿà¦¿à¦° à¦•à¦¾à¦›à§‡ à¦¨à¦¾ à¦šà¦¾à¦“à¦¯à¦¼à¦¾à¥¤ à¦à¦Ÿà¦¾à¦‡ à¦•à¦¾à¦²à¦¿à¦®à¦¾à¦° à¦¦à¦¾à¦¬à¦¿à¥¤</p>\r\n\r\n<p>à¦•à§à¦°à¦†à¦¨à§‡ à¦†à¦²à§à¦²à¦¾à¦¹à¦¤à¦¾à¦¯à¦¼à¦¾à¦²à¦¾ à¦¬à¦²à§‡à¦›à§‡à¦¨, à¦¤à§‹à¦®à¦°à¦¾ à¦†à¦²à§à¦²à¦¾à¦¹à¦¤à¦¾à¦¯à¦¼à¦¾à¦²à¦¾à¦° à¦‡à¦¬à¦¾à¦¦à¦¤ à¦•à¦°, à¦¤à¦¾à¦° à¦¸à¦™à§à¦—à§‡ à¦•à¦¾à¦‰à¦•à§‡ à¦¶à¦°à¦¿à¦• à¦•à¦°à§‹ à¦¨à¦¾à¥¤</p>\r\n\r\n<p>à¦¤à¦¿à¦¨à¦¿ à¦¬à¦²à§‡à¦¨, à¦†à¦²à§à¦²à¦¾à¦¹à¦¤à¦¾à¦¯à¦¼à¦¾à¦²à¦¾à¦° à¦“à¦ªà¦°à§‡, à¦¤à¦¾à¦° à¦¸à§ƒà¦·à§à¦Ÿ à¦«à§‡à¦°à§‡à¦¶à¦¤à¦¾à¦¦à§‡à¦° à¦“à¦ªà¦°à§‡, à¦†à¦¸à¦®à¦¾à¦¨à¦¿ à¦•à¦¿à¦¤à¦¾à¦¬à¦¸à¦®à§‚à¦¹à§‡à¦° à¦“à¦ªà¦°à§‡, à¦†à¦—à¦¤ à¦¸à¦®à¦¸à§à¦¤ à¦°à¦¾à¦¸à§‚à¦²à§‡à¦° à¦“à¦ªà¦°à§‡, à¦•à¦¿à¦¯à¦¼à¦¾à¦®à¦¤ à¦¦à¦¿à¦¬à¦¸à§‡à¦° à¦“à¦ªà¦°à§‡ à¦à¦¬à¦‚ à¦­à¦¾à¦²à§‹-à¦®à¦¨à§à¦¦ à¦¯à¦¾ à¦•à¦¿à¦›à§ à¦¹à¦¯à¦¼ à¦¤à¦¾ à¦†à¦²à§à¦²à¦¾à¦¹à¦¤à¦¾à¦¯à¦¼à¦¾à¦²à¦¾à¦° à¦ªà¦•à§à¦· à¦¥à§‡à¦•à§‡ à¦¹à¦¯à¦¼- à¦ à¦•à¦¥à¦¾à¦° à¦“à¦ªà¦°à§‡ à¦…à¦¨à§à¦¤à¦°à§‡ à¦¦à§ƒà¦¢à¦¼à¦¬à¦¿à¦¶à§à¦¬à¦¾à¦¸ à¦¸à§à¦¥à¦¾à¦ªà¦¨ à¦•à¦°à¦¤à§‡ à¦¹à¦¬à§‡à¥¤</p>\r\n\r\n<p>à¦¤à¦¿à¦¨à¦¿ à¦¬à¦²à§‡à¦¨, à¦†à¦²à§à¦²à¦¾à¦¹à¦¤à¦¾à¦¯à¦¼à¦¾à¦²à¦¾ à¦†à¦®à¦¾à¦¦à§‡à¦° à¦œà¦¨à§à¦¯ à¦à¦•à¦Ÿà¦¿ à¦ªà¦°à¦¿à¦ªà§‚à¦°à§à¦£ à¦œà§€à¦¬à¦¨ à¦¬à§à¦¯à¦¬à¦¸à§à¦¥à¦¾ à¦¦à¦¿à¦¯à¦¼à§‡à¦›à§‡à¦¨à¥¤ à¦à¦¤à¦¿à¦¹à¦¾à¦¸à¦¿à¦• à¦¬à¦¿à¦¦à¦¾à¦¯à¦¼ à¦¹à¦œà§‡à¦° à¦­à¦¾à¦·à¦£à§‡ à¦¨à¦¬à§€à¦œà¦¿ (à¦¸à¦¾.) à¦•à§à¦°à¦†à¦¨à§‡à¦° à¦†à¦¯à¦¼à¦¾à¦¤ à¦ªà¦¡à¦¼à§‡à¦›à¦¿à¦²à§‡à¦¨- à¦†à¦œ à¦†à¦®à¦¿ à¦¤à§‹à¦®à¦¾à¦¦à§‡à¦° à¦œà¦¨à§à¦¯ à¦¤à§‹à¦®à¦¾à¦¦à§‡à¦° à¦¦à§à¦¬à§€à¦¨à¦•à§‡ à¦ªà¦°à¦¿à¦ªà§‚à¦°à§à¦£ à¦•à¦°à§‡ à¦¦à¦¿à¦²à¦¾à¦® à¦à¦¬à¦‚ à¦†à¦®à¦¾à¦° à¦¨à§‡à¦¯à¦¼à¦¾à¦®à¦¤à¦•à§‡ à¦¤à§‹à¦®à¦¾à¦¦à§‡à¦° à¦“à¦ªà¦°à§‡ à¦ªà¦°à¦¿à¦ªà§‚à¦°à§à¦£ à¦•à¦°à¦²à¦¾à¦®, à¦†à¦° à¦¤à§‹à¦®à¦¾à¦¦à§‡à¦° à¦œà¦¨à§à¦¯ à¦®à¦¨à§‹à¦¨à§€à¦¤ à¦•à¦°à¦²à¦¾à¦® à¦‡à¦¸à¦²à¦¾à¦® à¦§à¦°à§à¦®à¦•à§‡à¥¤</p>\r\n\r\n<p>à¦–à¦¤à¦¿à¦¬ à¦¬à¦²à§‡à¦¨, à¦†à¦²à§à¦²à¦¾à¦¹à¦¤à¦¾à¦¯à¦¼à¦¾à¦²à¦¾ à¦ªà¦¬à¦¿à¦¤à§à¦° à¦•à§à¦°à¦†à¦¨à§‡à¦° à¦†à¦°à§‡à¦• à¦œà¦¾à¦¯à¦¼à¦—à¦¾à¦¯à¦¼ à¦¬à¦²à§‡à¦›à§‡à¦¨- à¦¹à§‡ à¦‡à¦®à¦¾à¦¨à¦¦à¦¾à¦°à¦—à¦£, à¦¤à§‹à¦®à¦°à¦¾ à¦¸à¦¾à¦¹à¦¾à¦¯à§à¦¯ à¦ªà§à¦°à¦¾à¦°à§à¦¥à¦¨à¦¾ à¦•à¦° à¦¸à¦¬à¦° à¦à¦¬à¦‚ à¦¸à¦¾à¦²à¦¾à¦¤à§‡à¦° à¦®à¦¾à¦§à§à¦¯à¦®à§‡à¥¤ à¦¨à¦¿à¦¶à§à¦šà¦¯à¦¼à¦‡ à¦†à¦²à§à¦²à¦¾à¦¹à¦¤à¦¾à¦¯à¦¼à¦¾à¦²à¦¾ à¦§à§ˆà¦°à§à¦¯à¦¶à§€à¦²à¦¦à§‡à¦° à¦¸à¦™à§à¦—à§‡ à¦†à¦›à§‡à¦¨à¥¤</p>\r\n\r\n<p>à¦¹à§‡ à¦®à¦¾à¦¨à¦¬ à¦¸à¦®à§à¦ªà§à¦°à¦¦à¦¾à¦¯à¦¼, à¦ªà§ƒà¦¥à¦¿à¦¬à§€ à¦¦à§à¦ƒà¦–à¦•à¦·à§à¦Ÿ à¦¥à§‡à¦•à§‡ à¦®à§à¦•à§à¦¤ à¦¨à¦¯à¦¼à¥¤ à¦œà§€à¦¬à¦¨à§‡à¦° à¦ªà¦¦à§‡ à¦ªà¦¦à§‡ à¦†à¦ªà¦¦-à¦¬à¦¿à¦ªà¦¦ à¦†à¦¸à¦¬à§‡à¦‡à¥¤ à¦¤à¦–à¦¨ à¦†à¦®à¦¾à¦¦à§‡à¦° à¦¨à¦¿à¦°à¦¾à¦¶ à¦¹à¦²à§‡ à¦šà¦²à¦¬à§‡ à¦¨à¦¾à¥¤ à¦§à§ˆà¦°à§à¦¯à¦§à¦¾à¦°à¦£ à¦•à¦°à§‡ à¦†à¦²à§à¦²à¦¾à¦¹à¦¤à¦¾à¦¯à¦¼à¦¾à¦²à¦¾à¦° à¦•à¦¾à¦›à§‡ à¦¸à¦¾à¦¹à¦¾à¦¯à§à¦¯ à¦šà¦¾à¦‡à¦¤à§‡ à¦¹à¦¬à§‡à¥¤</p>\r\n\r\n<p>à¦†à¦²à§à¦²à¦¾à¦¹à¦¤à¦¾à¦¯à¦¼à¦¾à¦²à¦¾ à¦¬à¦¿à¦­à¦¿à¦¨à§à¦¨ à¦ªà¦°à§€à¦•à§à¦·à¦¾à¦° à¦®à¦¾à¦§à§à¦¯à¦®à§‡ à¦†à¦®à¦¾à¦¦à§‡à¦° à¦ˆà¦®à¦¾à¦¨à¦•à§‡ à¦¯à¦¾à¦šà¦¾à¦‡ à¦•à¦°à¦¤à§‡ à¦šà¦¾à¦¨à¥¤ à¦§à§ˆà¦°à§à¦¯à¦§à¦¾à¦°à¦£ à¦•à¦°à§‡ à¦¸à§‡à¦‡ à¦ªà¦°à§€à¦•à§à¦·à¦¾à¦¯à¦¼ à¦†à¦®à¦¾à¦¦à§‡à¦° à¦‰à¦¤à§à¦¤à§€à¦°à§à¦£ à¦¹à¦¤à§‡ à¦¹à¦¬à§‡à¥¤ à¦†à¦²à§à¦²à¦¾à¦¹à¦¤à¦¾à¦¯à¦¼à¦¾à¦²à¦¾ à¦¬à¦²à§‡à¦¨, à¦†à¦®à¦¿ à¦…à¦¬à¦¶à§à¦¯à¦‡ à¦¤à§‹à¦®à¦¾à¦¦à§‡à¦° à¦­à¦¯à¦¼ à¦¦à¦¿à¦¯à¦¼à§‡, à¦•à§à¦·à§à¦§à¦¾ à¦¦à¦¿à¦¯à¦¼à§‡ à¦à¦¬à¦‚ à¦œà¦¾à¦¨à¦®à¦¾à¦²à¦•à§‡ à¦¸à¦‚à¦•à§€à¦°à§à¦£ à¦•à¦°à§‡ à¦¦à¦¿à¦¯à¦¼à§‡ à¦ªà¦°à§€à¦•à§à¦·à¦¾ à¦•à¦°à¦¬à¥¤ à¦¸à§à¦¸à¦‚à¦¬à¦¾à¦¦ à¦§à§ˆà¦°à§à¦¯à¦¶à§€à¦²à¦¦à§‡à¦° à¦œà¦¨à§à¦¯à¥¤</p>\r\n\r\n<p>à¦¹à§‡ à¦®à¦¾à¦¨à¦¬à¦¸à¦®à§à¦ªà§à¦°à¦¦à¦¾à¦¯à¦¼, à¦†à¦²à§à¦²à¦¾à¦¹à¦¤à¦¾à¦¯à¦¼à¦¾à¦²à¦¾à¦° à¦¦à¦¯à¦¼à¦¾ à¦“ à¦…à¦¨à§à¦—à§à¦°à¦¹ à¦…à¦¤à§à¦¯à¦¨à§à¦¤ à¦ªà§à¦°à¦¶à¦¸à§à¦¤à¥¤ à¦¤à¦¿à¦¨à¦¿ à¦†à¦®à¦¾à¦¦à§‡à¦° à¦œà¦¨à§à¦¯ à¦¸à¦¬à¦•à¦¿à¦›à§ à¦¸à¦¹à¦œ à¦•à¦°à¦¤à§‡ à¦šà¦¾à¦¨à¥¤ à¦ªà¦¬à¦¿à¦¤à§à¦° à¦•à§à¦°à¦†à¦¨à§‡ à¦†à¦›à§‡, à¦ªà§à¦°à¦¤à§à¦¯à§‡à¦• à¦•à¦¾à¦ à¦¿à¦¨à§à¦¯à¦¤à¦¾à¦° à¦¸à¦™à§à¦—à§‡à¦‡ à¦¸à¦¹à¦œà¦¤à¦¾ à¦†à¦›à§‡à¥¤ à¦¸à¦¾à¦®à¦¯à¦¼à¦¿à¦• à¦•à¦¿à¦›à§ à¦¦à§à¦ƒà¦–-à¦¦à§à¦°à§à¦¦à¦¶à¦¾ à¦†à¦®à¦¾à¦¦à§‡à¦° à¦œà§€à¦¬à¦¨à§‡ à¦à¦²à§‡à¦“ à¦à¦° à¦¬à¦¿à¦¨à¦¿à¦®à¦¯à¦¼à§‡ à¦†à¦²à§à¦²à¦¾à¦¹à¦¤à¦¾à¦¯à¦¼à¦¾à¦²à¦¾ à¦†à¦®à¦¾à¦¦à§‡à¦° à¦‰à¦¤à§à¦¤à¦® à¦¬à¦¿à¦¨à¦¿à¦®à¦¯à¦¼ à¦¦à¦¾à¦¨ à¦•à¦°à¦¬à§‡à¦¨à¥¤</p>\r\n\r\n<p>à¦¤à¦¿à¦¨à¦¿ à¦¬à¦²à§‡à¦¨, à¦œà§€à¦¬à¦¨à§‡à¦° à¦ªà§à¦°à¦¤à¦¿à¦Ÿà¦¿ à¦•à§à¦·à§‡à¦¤à§à¦°à§‡ à¦†à¦²à§à¦²à¦¾à¦¹à¦¤à¦¾à¦¯à¦¼à¦¾à¦²à¦¾à¦° à¦¬à¦¿à¦§à¦¾à¦¨ à¦®à¦¾à¦¨à¦¾ à¦†à¦®à¦¾à¦¦à§‡à¦° à¦œà¦¨à§à¦¯ à¦†à¦¬à¦¶à§à¦¯à¦•; à¦¯à¦¾ à¦¹à¦¾à¦²à¦¾à¦² à¦¤à¦¾ à¦‰à¦ªà¦¾à¦°à§à¦œà¦¨ à¦•à¦°à¦¤à§‡ à¦¹à¦¬à§‡à¥¤ à¦†à¦° à¦¯à¦¾ à¦¹à¦¾à¦°à¦¾à¦® à¦¤à¦¾ à¦ªà¦°à¦¿à¦¤à§à¦¯à¦¾à¦— à¦•à¦°à¦¤à§‡ à¦¹à¦¬à§‡à¥¤ à¦ªà¦¬à¦¿à¦¤à§à¦° à¦•à§à¦°à¦†à¦¨à§‡ à¦†à¦›à§‡- à¦†à¦²à§à¦²à¦¾à¦¹à¦¤à¦¾à¦¯à¦¼à¦¾à¦²à¦¾ à¦•à§à¦°à¦¯à¦¼-à¦¬à¦¿à¦•à§à¦°à¦¯à¦¼à¦•à§‡ à¦¹à¦¾à¦²à¦¾à¦² à¦•à¦°à§‡à¦›à§‡à¦¨ à¦à¦¬à¦‚ à¦°à¦¿à¦¬à¦¾ à¦¤à¦¥à¦¾ à¦¸à§à¦¦à¦•à§‡ à¦¹à¦¾à¦°à¦¾à¦® à¦•à¦°à§‡à¦›à§‡à¦¨à¥¤ à¦¤à¦¾à¦‡ à¦¸à§à¦¦-à¦˜à§à¦· à¦–à¦¾à¦“à¦¯à¦¼à¦¾ à¦¯à¦¾à¦¬à§‡ à¦¨à¦¾à¥¤</p>\r\n\r\n<p>à¦…à¦¨à§à¦¯à¦¾à¦¯à¦¼à¦­à¦¾à¦¬à§‡ à¦•à¦¾à¦°à¦“ à¦¸à¦®à§à¦ªà¦¦ à¦­à§‹à¦— à¦•à¦°à¦¤à§‡ à¦†à¦²à§à¦²à¦¾à¦¹à¦¤à¦¾à¦¯à¦¼à¦¾à¦²à¦¾ à¦¨à¦¿à¦·à§‡à¦§ à¦•à¦°à§‡à¦›à§‡à¦¨à¥¤ à¦¤à¦¾à¦•à¦¦à¦¿à¦° à¦†à¦®à¦¾à¦¦à§‡à¦° à¦œà¦¨à§à¦¯ à¦¨à¦¿à¦°à§à¦§à¦¾à¦°à¦¿à¦¤à¥¤ à¦®à¦¾à¦¨à§à¦·à§‡à¦° à¦¸à¦™à§à¦—à§‡ à¦¸à¦¦à¦¾à¦šà¦°à¦£ à¦•à¦°à¦¤à§‡ à¦¹à¦¬à§‡à¥¤ à¦ªà§ƒà¦¥à¦¿à¦¬à§€à¦¤à§‡ à¦«à§à¦¯à¦¾à¦¸à¦¾à¦¦ à¦¸à§ƒà¦·à§à¦Ÿà¦¿ à¦•à¦°à¦¾ à¦¯à¦¾à¦¬à§‡ à¦¨à¦¾à¥¤ à¦ªà¦°à¦¸à§à¦ªà¦°à§‡ à¦­à¦¾à¦¤à§ƒà¦¤à§à¦¬ à¦“ à¦¸à§Œà¦¹à¦¾à¦°à§à¦¦ à¦¬à¦œà¦¾à¦¯à¦¼ à¦°à¦¾à¦–à¦¤à§‡ à¦¹à¦¬à§‡à¥¤ à¦¨à¦¾à¦°à§€-à¦ªà§à¦°à§à¦· à¦¸à¦¬à¦¾à¦° à¦…à¦§à¦¿à¦•à¦¾à¦° à¦¨à¦¿à¦¶à§à¦šà¦¿à¦¤ à¦•à¦°à¦¤à§‡ à¦¹à¦¬à§‡à¥¤ à¦à¦Ÿà¦¾à¦‡ à¦‡à¦¸à¦²à¦¾à¦®à§‡à¦° à¦¬à¦¿à¦§à¦¾à¦¨à¥¤</p>\r\n\r\n<p>à¦†à¦²à§à¦²à¦¾à¦¹à¦¤à¦¾à¦¯à¦¼à¦¾à¦²à¦¾ à¦ªà¦¬à¦¿à¦¤à§à¦° à¦•à§à¦°à¦†à¦¨à§‡ à¦¬à¦²à§‡à¦›à§‡à¦¨, à¦†à¦²à§à¦²à¦¾à¦¹à¦¤à¦¾à¦¯à¦¼à¦¾à¦²à¦¾ à¦¤à§‹à¦®à¦¾à¦¦à§‡à¦° à¦¨à¦¿à¦°à§à¦¦à§‡à¦¶ à¦¦à¦¿à¦šà§à¦›à§‡à¦¨ à¦¯à§‡, à¦¤à§‹à¦®à¦°à¦¾ à¦¤à¦¾à¦° à¦‡à¦¬à¦¾à¦¦à¦¤ à¦•à¦°à¦¬à§‡ à¦à¦¬à¦‚ à¦®à¦¾-à¦¬à¦¾à¦¬à¦¾à¦° à¦¸à¦™à§à¦—à§‡ à¦¸à¦¦à¦¾à¦šà¦°à¦£ à¦•à¦°à¦¬à§‡à¥¤ à¦¤à¦¾à¦¦à§‡à¦° à¦¦à§&rsquo;à¦œà¦¨à§‡à¦° à¦à¦•à¦œà¦¨à¦•à§‡ à¦¬à¦¾ à¦¦à§à¦œà¦¨à¦•à§‡à¦‡ à¦¯à¦¦à¦¿ à¦¬à§ƒà¦¦à§à¦§ à¦…à¦¬à¦¸à§à¦¥à¦¾à¦¯à¦¼ à¦ªà¦¾à¦“, à¦¤à¦¾à¦¹à¦²à§‡ à¦¤à¦¾à¦¦à§‡à¦° à¦¸à¦¾à¦®à¦¨à§‡ (à¦¤à¦¾à¦¦à§‡à¦° à¦†à¦šà¦°à¦£à§‡ à¦¬à¦¿à¦°à¦•à§à¦¤ à¦¹à¦¯à¦¼à§‡) à¦‰à¦« à¦¬à¦²à¦¬à§‡ à¦¨à¦¾ à¦à¦¬à¦‚ à¦¤à¦¾à¦¦à§‡à¦° à¦§à¦®à¦• à¦¦à¦¿à¦¬à§‡ à¦¨à¦¾à¥¤ à¦¬à¦°à¦‚ à¦¤à¦¾à¦¦à§‡à¦° à¦¸à¦™à§à¦—à§‡ à¦¨à¦®à§à¦°à¦­à¦¾à¦¬à§‡ à¦•à¦¥à¦¾ à¦¬à¦²à¦¬à§‡à¥¤</p>\r\n\r\n<p>à¦¹à§‡ à¦®à¦¾à¦¨à¦¬à¦¸à¦®à§à¦ªà§à¦°à¦¦à¦¾à¦¯à¦¼, à¦†à¦²à§à¦²à¦¾à¦¹à¦¤à¦¾à¦¯à¦¼à¦¾à¦²à¦¾ à¦¤à§‹à¦®à¦¾à¦¦à§‡à¦° à¦¨à§à¦¯à¦¾à¦¯à¦¼ à¦“ à¦‡à¦¨à¦¸à¦¾à¦«à§‡à¦° à¦¨à¦¿à¦°à§à¦¦à§‡à¦¶ à¦¦à¦¿à¦¯à¦¼à§‡à¦›à§‡à¦¨à¥¤ à¦‡à¦¸à¦²à¦¾à¦®à§‡ à¦®à¦¾à¦¨à¦¬à¦œà¦¾à¦¤à¦¿à¦° à¦œà¦¨à§à¦¯ à¦à¦®à¦¨ à¦¬à¦¿à¦§à¦¿à¦¬à¦¿à¦§à¦¾à¦¨ à¦°à¦¾à¦–à¦¾ à¦¹à¦¯à¦¼à§‡à¦›à§‡, à¦¯à¦¾à¦° à¦®à¦¾à¦§à§à¦¯à¦®à§‡ à¦¸à¦®à¦¶à§à¦°à§‡à¦£à¦¿à¦° à¦®à¦¾à¦¨à§à¦·à§‡à¦° à¦…à¦§à¦¿à¦•à¦¾à¦° à¦“ à¦¨à¦¿à¦°à¦¾à¦ªà¦¤à§à¦¤à¦¾ à¦¨à¦¿à¦¶à§à¦šà¦¿à¦¤ à¦•à¦°à¦¾ à¦¯à¦¾à¦¯à¦¼à¥¤</p>\r\n\r\n<p>à¦†à¦²à§à¦²à¦¾à¦¹à¦¤à¦¾à¦¯à¦¼à¦¾à¦²à¦¾ à¦¬à¦²à§‡à¦›à§‡à¦¨, à¦¤à§‹à¦®à¦°à¦¾ à¦†à¦²à§à¦²à¦¾à¦¹à¦¤à¦¾à¦¯à¦¼à¦¾à¦²à¦¾à¦° à¦°à¦žà§à¦œà§à¦•à§‡ à¦¦à§ƒà¦¢à¦¼à¦­à¦¾à¦¬à§‡ à¦†à¦à¦•à¦¡à¦¼à§‡ à¦§à¦°à§‡ à¦­à§‡à¦¦à¦¾à¦­à§‡à¦¦ à¦¸à§ƒà¦·à§à¦Ÿà¦¿ à¦•à¦°à§‹ à¦¨à¦¾à¥¤</p>\r\n\r\n<p>à¦¬à¦¿à¦¦à¦¾à¦¯à¦¼ à¦¹à¦œà§‡à¦° à¦­à¦¾à¦·à¦£à§‡ à¦¨à¦¬à§€à¦œà¦¿ (à¦¸à¦¾.) à¦¬à¦²à§‡à¦›à§‡à¦¨- à¦¸à¦¤à¦°à§à¦• à¦¹à¦¯à¦¼à§‡ à¦¯à¦¾à¦“, à¦¨à¦¿à¦¶à§à¦šà¦¯à¦¼à¦‡ à¦†à¦²à§à¦²à¦¾à¦¹à¦¤à¦¾à¦¯à¦¼à¦¾à¦²à¦¾ à¦¤à§‹à¦®à¦¾à¦¦à§‡à¦° à¦ªà§à¦°à¦¤à¦¿ à¦¤à§‹à¦®à¦¾à¦¦à§‡à¦° à¦°à¦•à§à¦¤ à¦“ à¦®à¦¾à¦²à¦•à§‡ à¦¹à¦¾à¦°à¦¾à¦® à¦•à¦°à§‡ à¦¦à¦¿à¦¯à¦¼à§‡à¦›à§‡à¦¨à¥¤ à¦¯à§‡à¦®à¦¨ à¦¤à§‹à¦®à¦¾à¦¦à§‡à¦° à¦à¦¦à¦¿à¦¨ à¦¹à¦¾à¦°à¦¾à¦® à¦¤à§‹à¦®à¦¾à¦¦à§‡à¦° à¦à¦‡ à¦¶à¦¹à¦°à§‡, à¦¤à§‹à¦®à¦¾à¦¦à§‡à¦° à¦à¦‡ à¦®à¦¾à¦¸à§‡à¥¤</p>\r\n\r\n<p>à¦¹à§‡ à¦®à¦¾à¦¨à¦¬à¦¸à¦®à§à¦ªà§à¦°à¦¦à¦¾à¦¯à¦¼, à¦¨à¦¬à§€à¦œà¦¿ (à¦¸à¦¾.) à¦¬à¦²à§‡à¦›à§‡à¦¨, à¦¤à§‹à¦®à¦°à¦¾ à¦•à§à¦·à§à¦ à¦°à§‹à¦—à§€ à¦¦à§‡à¦–à¦²à§‡ à¦ªà¦²à¦¾à¦¯à¦¼à¦¨ à¦•à¦°à§‹, à¦¯à§‡à¦®à¦¨ à¦¬à¦¾à¦˜ à¦¦à§‡à¦–à¦²à§‡ à¦ªà¦²à¦¾à¦¯à¦¼à¦¨ à¦•à¦°à§‡ à¦¥à¦¾à¦•à¥¤ à¦¤à§‡à¦®à¦¨à¦¿à¦­à¦¾à¦¬à§‡, à¦¤à§‹à¦®à¦¾à¦¦à§‡à¦° à¦•à§‹à¦¨à§‹ à¦à¦²à¦¾à¦•à¦¾à¦¯à¦¼ à¦¯à¦¦à¦¿ à¦®à¦¹à¦¾à¦®à¦¾à¦°à§€ à¦¦à§‡à¦–à¦¾ à¦¦à§‡à¦¯à¦¼, à¦¤à¦¾à¦¹à¦²à§‡ à¦¸à§‡à¦–à¦¾à¦¨ à¦¥à§‡à¦•à§‡ à¦¬à§‡à¦° à¦¹à¦‡à¦“ à¦¨à¦¾ à¦à¦¬à¦‚ à¦¸à§‡à¦–à¦¾à¦¨à§‡ à¦ªà§à¦°à¦¬à§‡à¦¶ à¦•à¦°à§‹ à¦¨à¦¾à¥¤</p>\r\n\r\n<p>à¦à¦‡ à¦¹à¦¾à¦¦à¦¿à¦¸à¦—à§à¦²à§‹à¦° à¦ªà§à¦°à¦¤à¦¿ à¦²à¦•à§à¦·à§à¦¯ à¦•à¦°à§‡ à¦‰à¦¦à§à¦­à§‚à¦¤ à¦®à¦¹à¦¾à¦®à¦¾à¦°à§€à¦° à¦•à¦¾à¦°à¦£à§‡ à¦¸à§Œà¦¦à¦¿ à¦¸à¦°à¦•à¦¾à¦° à¦à¦¬à¦¾à¦°à§‡à¦° à¦¹à¦œà¦•à§‡ à¦¸à§€à¦®à¦¿à¦¤ à¦ªà¦°à¦¿à¦¸à¦°à§‡ à¦†à¦¯à¦¼à§‹à¦œà¦¨ à¦•à¦°à¦¾à¦° à¦¸à¦¿à¦¦à§à¦§à¦¾à¦¨à§à¦¤ à¦¨à§‡à¦¯à¦¼à¥¤ à¦–à¦¾à¦¦à¦¿à¦®à§à¦² à¦¹à¦¾à¦°à¦¾à¦®à¦¾à¦‡à¦¨ à¦¶à¦¾à¦°à¦¿à¦«à¦¾à¦‡à¦¨ à¦¬à¦¾à¦¦à¦¶à¦¾à¦¹ à¦¸à¦¾à¦²à¦®à¦¾à¦¨ à¦¬à¦¿à¦¨ à¦†à¦¬à¦¦à§à¦² à¦†à¦œà¦¿à¦œ à¦à¦¬à¦‚ à¦¤à¦¾à¦° à¦¸à¦¨à§à¦¤à¦¾à¦¨ à¦®à§‹à¦¹à¦¾à¦®à§à¦®à¦¦ à¦¬à¦¿à¦¨ à¦¸à¦¾à¦²à¦®à¦¾à¦¨à¦•à§‡ à¦†à¦²à§à¦²à¦¾à¦¹à¦¤à¦¾à¦¯à¦¼à¦¾à¦²à¦¾ à¦‰à¦¤à§à¦¤à¦® à¦¬à¦¿à¦¨à¦¿à¦®à¦¯à¦¼ à¦¦à¦¾à¦¨ à¦•à¦°à§à¦¨à¥¤</p>\r\n\r\n<p>à¦¹à§‡ à¦†à¦²à§à¦²à¦¾à¦¹à¦¤à¦¾à¦¯à¦¼à¦¾à¦²à¦¾à¦° à¦¬à¦¾à¦¨à§à¦¦à¦¾à¦°à¦¾, à¦†à¦œà¦•à§‡à¦° à¦ à¦†à¦°à¦¾à¦«à¦¾à¦¤à§‡à¦° à¦¦à¦¿à¦¨ à¦¦à§‹à¦¯à¦¼à¦¾ à¦•à¦¬à§à¦²à§‡à¦° à¦¦à¦¿à¦¨à¥¤ à¦†à¦®à¦°à¦¾ à¦¨à¦¿à¦œà§‡à¦¦à§‡à¦° à¦œà¦¨à§à¦¯, à¦…à¦¨à§à¦¯ à¦¸à¦¬à¦¾à¦° à¦œà¦¨à§à¦¯ à¦à¦¬à¦‚ à¦®à¦¹à¦¾à¦®à¦¾à¦°à§€ à¦¥à§‡à¦•à§‡ à¦®à§à¦•à§à¦¤à¦¿à¦° à¦œà¦¨à§à¦¯ à¦¦à§‹à¦¯à¦¼à¦¾ à¦•à¦°à¦¬à¥¤ à¦†à¦²à§à¦²à¦¾à¦¹à¦¤à¦¾à¦¯à¦¼à¦¾à¦²à¦¾ à¦•à§à¦°à¦†à¦¨à§‡ à¦¬à¦²à§‡à¦›à§‡à¦¨- à¦¤à§‹à¦®à¦¾à¦¦à§‡à¦° à¦ªà§à¦°à¦¤à¦¿à¦ªà¦¾à¦²à¦• à¦¬à¦²à¦›à§‡à¦¨, à¦¤à§‹à¦®à¦°à¦¾ à¦†à¦®à¦¾à¦° à¦•à¦¾à¦›à§‡ à¦ªà§à¦°à¦¾à¦°à§à¦¥à¦¨à¦¾ à¦•à¦°à¥¤ à¦†à¦®à¦¿ à¦¤à§‹à¦®à¦¾à¦¦à§‡à¦° à¦ªà§à¦°à¦¾à¦°à§à¦¥à¦¨à¦¾à¦•à§‡ à¦•à¦¬à§à¦² à¦•à¦°à¦¬à¥¤</p>\r\n', '2020-11-30', 0),
(5, 'à¦¬à§à¦¯à¦¤à¦¿à¦•à§à¦°à¦®à§€ à¦†à¦¬à¦¹à§‡ à¦ªà¦¬à¦¿à¦¤à§à¦° à¦¹à¦œ à§¨à§¦à§¨à§¦ à¦†à¦œ', 'shutterstock-478637113-1-320x300.png', '<p>&lsquo;à¦²à¦¾à¦¬à§à¦¬à¦¾à¦‡à¦• à¦†à¦²à§à¦²à¦¾à¦¹à§à¦®à§à¦®à¦¾ à¦²à¦¾à¦¬à§à¦¬à¦¾à¦‡à¦•, à¦²à¦¾à¦¬à§à¦¬à¦¾à¦‡à¦•à¦¾ à¦²à¦¾ à¦¶à¦¾à¦°à¦¿à¦•à¦¾ à¦²à¦¾à¦•à¦¾ à¦²à¦¾à¦¬à§à¦¬à¦¾à¦‡à¦•à¥¤ à¦‡à¦¨à§à¦¨à¦¾à¦² à¦¹à¦¾à¦®à¦¦à¦¾ à¦“à¦¯à¦¼à¦¾à¦¨ à¦¨à¦¿à¦¯à¦¼à¦®à¦¾à¦¤à¦¾ à¦²à¦¾à¦•à¦¾ à¦“à¦¯à¦¼à¦¾à¦² à¦®à§à¦²à¦•à¥¤ à¦²à¦¾ à¦¶à¦¾à¦°à¦¿à¦•à¦¾ à¦²à¦¾à¦•à¥¤&rsquo; à¦…à¦¨à§à¦¯ à¦¬à¦›à¦° à§¯ à¦œà¦¿à¦²à¦¹à¦œ à¦¤à¦¾à¦°à¦¿à¦–à§‡à¦° à¦¦à¦¿à¦¨ à¦²à¦¾à¦– à¦²à¦¾à¦– à¦•à¦£à§à¦ à§‡ à¦‰à¦šà§à¦šà¦¾à¦°à¦¿à¦¤ à¦¤à¦¾à¦²à¦¬à¦¿à¦¯à¦¼à¦¾à¦° à¦§à§à¦¬à¦¨à¦¿à¦¤à§‡ à¦®à§à¦–à¦°à¦¿à¦¤ à¦¹à¦¯à¦¼à§‡ à¦‰à¦ à¦¤à§‹ à¦†à¦°à¦¾à¦«à¦¾à¦¤ à¦®à¦¯à¦¼à¦¦à¦¾à¦¨à¥¤ à¦à¦¬à¦¾à¦° à¦ªà¦°à¦¿à¦¸à§à¦¥à¦¿à¦¤à¦¿ à¦­à¦¿à¦¨à§à¦¨à¥¤ à¦®à¦¹à¦¾à¦®à¦¾à¦°à¦¿ à¦•à¦°à§‹à¦¨à¦¾à¦° à¦•à¦¾à¦°à¦£à§‡ à¦¸à§Œà¦¦à¦¿ à¦†à¦°à¦¬à§‡à¦° à¦¬à¦¾à¦‡à¦°à§‡ à¦•à§‹à¦¨à§‹ à¦¦à§‡à¦¶ à¦¥à§‡à¦•à§‡ à¦•à§‡à¦‰ à¦ªà¦¬à¦¿à¦¤à§à¦° à¦¹à¦œà¦ªà¦¾à¦²à¦¨à§‡à¦° à¦¸à§à¦¯à§‹à¦— à¦ªà¦¾à¦¯à¦¼à¦¨à¦¿à¥¤ à¦®à¦¾à¦¤à§à¦° à¦¦à¦¶ à¦¹à¦¾à¦œà¦¾à¦° à¦¹à¦œà¦¯à¦¾à¦¤à§à¦°à§€ à¦à¦¬à¦¾à¦° à¦¹à¦œà¦ªà¦¾à¦²à¦¨ à¦•à¦°à¦›à§‡à¦¨à¥¤</p>\r\n\r\n<p>à¦¯à§à¦¦à§à¦§ à¦“ à¦®à¦¹à¦¾à¦®à¦¾à¦°à¦¿à¦° à¦•à¦¾à¦°à¦£à§‡ à¦à¦° à¦†à¦—à§‡à¦“ à¦¹à¦œ à¦¸à§€à¦®à¦¿à¦¤ à¦®à¦¾à¦¨à§à¦·à§‡à¦° à¦‰à¦ªà¦¸à§à¦¥à¦¿à¦¤à¦¿à¦¤à§‡ à¦¹à¦¯à¦¼à§‡à¦›à§‡à¥¤ à¦¤à¦¬à§‡ à¦¸à§Œà¦¦à¦¿ à¦°à¦¾à¦œà¦¤à¦¨à§à¦¤à§à¦° à¦ªà§à¦°à¦¤à¦¿à¦·à§à¦ à¦¾à¦° à¦ªà¦° à¦ªà§à¦°à¦¤à¦¿à¦¬à¦›à¦°à¦‡ à¦…à¦¨à§‡à¦•à¦Ÿà¦¾ à¦¨à¦¿à¦°à§à¦¬à¦¿à¦˜à§à¦¨à§‡à¦‡ à¦¹à¦œ à¦ªà¦¾à¦²à¦¿à¦¤ à¦¹à¦¯à¦¼à§‡à¦›à§‡à¥¤ à¦¸à§‡à¦‡ à¦‡à¦¤à¦¿à¦¹à¦¾à¦¸à§‡ à¦à¦¬à¦¾à¦° à¦¯à§‹à¦— à¦¯à§‹à¦— à¦¹à¦²à§‹- à¦­à¦¿à¦¨à§à¦¨à¦®à¦¾à¦¤à§à¦°à¦¾à¦° à¦¹à¦œà¥¤</p>\r\n\r\n<p>à¦¨à¦œà¦¿à¦°à¦¬à¦¿à¦¹à§€à¦¨ à¦¸à§à¦¬à¦¾à¦¸à§à¦¥à§à¦¯à¦¬à¦¿à¦§à¦¿ à¦¸à§à¦°à¦•à§à¦·à¦¾ à¦“ à¦¸à§ƒà¦¶à§ƒà¦™à§à¦–à¦² à¦¬à§à¦¯à¦¬à¦¸à§à¦¥à¦¾à¦ªà¦¨à¦¾à¦° à¦®à¦§à§à¦¯ à¦¦à¦¿à¦¯à¦¼à§‡ à¦¬à§à¦§à¦¬à¦¾à¦° (à§¨à§¯ à¦œà§à¦²à¦¾à¦‡) à¦¸à¦•à¦¾à¦² à¦¥à§‡à¦•à§‡ à¦¹à¦œà§‡à¦° à¦†à¦¨à§à¦·à§à¦ à¦¾à¦¨à¦¿à¦•à¦¤à¦¾ à¦¶à§à¦°à§ à¦¹à¦¯à¦¼à§‡à¦›à§‡à¥¤ à¦®à¦•à§à¦•à¦¾à¦¯à¦¼ à¦šà¦¾à¦°à¦¦à¦¿à¦¨à§‡à¦° à¦•à§‹à¦¯à¦¼à¦¾à¦°à§‡à¦¨à§à¦Ÿà¦¾à¦‡à¦¨ à¦¶à§‡à¦·à§‡ à¦à¦¦à¦¿à¦¨ à¦¸à¦•à¦¾à¦²à§‡ à¦®à¦•à§à¦•à¦¾ à¦¥à§‡à¦•à§‡ à¦ªà§à¦°à¦¾à¦¯à¦¼ à§­à§« à¦•à¦¿à¦²à§‹à¦®à¦¿à¦Ÿà¦¾à¦° à¦¦à§‚à¦°à§‡ à¦¹à¦¾à¦œà¦¿à¦°à¦¾ &lsquo;à¦•à¦¾à¦°à¦¨à§à¦² à¦®à¦¾à¦¨à¦¾à¦¯à§‡à¦²&rsquo; à¦¨à¦¾à¦®à¦• à¦®à¦¿à¦•à¦¾à¦¤ à¦¥à§‡à¦•à§‡ à¦‡à¦¹à¦°à¦¾à¦® à¦ªà¦°à¦¿à¦§à¦¾à¦¨ à¦•à¦°à§‡ à¦®à¦•à§à¦•à¦¾à¦¯à¦¼ à¦à¦¸à§‡ à¦¤à¦¾à¦“à¦¯à¦¼à¦¾à¦«à§‡ à¦•à§à¦¦à§à¦® à¦¶à§‡à¦·à§‡ à¦®à¦¿à¦¨à¦¾à¦¯à¦¾à¦¤à§à¦°à¦¾ à¦•à¦°à§‡à¦›à§‡à¦¨à¥¤ à¦®à¦¿à¦¨à¦¾à¦¯à¦¾à¦¤à§à¦°à¦¾à¦° à¦®à¦§à§à¦¯ à¦¦à¦¿à¦¯à¦¼à§‡ à¦¹à¦œà§‡à¦° à¦®à§‚à¦² à¦†à¦¨à§à¦·à§à¦ à¦¾à¦¨à¦¿à¦•à¦¤à¦¾ à¦¶à§à¦°à§ à¦¹à¦¯à¦¼à§‡à¦›à§‡à¥¤</p>\r\n\r\n<p>à¦•à¦°à§‹à¦¨à¦¾à¦­à¦¾à¦‡à¦°à¦¾à¦¸ à¦®à¦¹à¦¾à¦®à¦¾à¦°à¦¿à¦° à¦•à¦¾à¦°à¦£à§‡ à¦ªà§à¦°à¦¾à¦¯à¦¼ à§§à§¦à§¦ à¦¬à¦›à¦°à§‡à¦° à¦®à¦§à§à¦¯à§‡ à¦à¦‡ à¦ªà§à¦°à¦¥à¦® à¦¸à§Œà¦¦à¦¿ à¦¸à¦°à¦•à¦¾à¦° à¦¹à¦œà§‡ à¦•à¦ à§‹à¦° à¦¬à¦¿à¦§à¦¿à¦¨à¦¿à¦·à§‡à¦§ à¦†à¦°à§‹à¦ª à¦•à¦°à§‡à¦›à§‡à¥¤ à¦¹à¦œ à¦•à¦°à¦¤à§‡ à¦¨à¦¾ à¦ªà§‡à¦°à§‡ à¦¬à¦¿à¦¶à§à¦¬à§‡à¦° à¦¬à¦¿à¦­à¦¿à¦¨à§à¦¨ à¦ªà§à¦°à¦¾à¦¨à§à¦¤à§‡à¦° à¦§à¦°à§à¦®à¦ªà§à¦°à¦¾à¦£ à¦²à¦¾à¦– à¦²à¦¾à¦– à¦®à§à¦¸à¦²à¦®à¦¾à¦¨ à¦—à¦­à§€à¦° à¦®à¦°à§à¦®à¦ªà§€à¦¡à¦¼à¦¾à¦¯à¦¼ à¦­à§à¦—à¦›à§‡à¦¨à¥¤ à¦¤à¦¾à¦“à¦¯à¦¼à¦¾à¦«à§‡ à¦•à§à¦¦à§à¦®à§‡à¦° à¦†à¦¨à§à¦·à§à¦ à¦¾à¦¨à¦¿à¦•à¦¤à¦¾à¦¯à¦¼ à¦à¦¬à¦¾à¦° à¦¦à§‡à¦–à¦¾ à¦—à§‡à¦›à§‡ à¦…à¦šà§‡à¦¨à¦¾ à¦¦à§ƒà¦¶à§à¦¯à¥¤ à¦šà¦¿à¦°à¦šà§‡à¦¨à¦¾ à¦­à¦¿à¦¡à¦¼ à¦¨à§‡à¦‡à¥¤ à¦¨à§‡à¦‡ à¦®à¦•à§à¦•à¦¾à¦° à¦…à¦²à¦¿-à¦—à¦²à¦¿à¦¤à§‡ à¦‡à¦¹à¦°à¦¾à¦® à¦ªà¦°à¦¿à¦¹à¦¿à¦¤ à¦¹à¦¾à¦œà¦¿à¦¦à§‡à¦° à¦¬à§à¦¯à¦¸à§à¦¤à¦¤à¦¾à¥¤ à¦•à¦°à§‹à¦¨à¦¾à¦•à¦¾à¦²à§‡ à¦…à¦¨à§‡à¦•à¦Ÿà¦¾ à¦¬à¦¿à¦·à¦¾à¦¦à§‡à¦° à¦†à¦¬à¦¹à§‡à¦‡ à¦¶à§à¦°à§ à¦¹à¦¯à¦¼à§‡à¦›à§‡ à¦‡à¦¸à¦²à¦¾à¦®à§‡à¦° à¦…à¦¨à§à¦¯à¦¤à¦® à¦¸à§à¦¤à¦®à§à¦­ à¦¹à¦œà§‡à¦° à¦†à¦¨à§à¦·à§à¦ à¦¾à¦¨à¦¿à¦•à¦¤à¦¾à¥¤</p>\r\n\r\n<p>à§§à§¦ à¦¹à¦¾à¦œà¦¾à¦° à¦¹à¦¾à¦œà¦¿ à¦¬à§à¦§à¦¬à¦¾à¦° à¦œà§‹à¦¹à¦°à§‡à¦° à¦¨à¦¾à¦®à¦¾à¦œ à¦†à¦¦à¦¾à¦¯à¦¼ à¦•à¦°à§‡à¦›à§‡à¦¨ à¦®à¦¿à¦¨à¦¾à¦¯à¦¼à¥¤ à¦®à¦¿à¦¨à¦¾à¦¯à¦¼ à¦à¦¬à¦¾à¦° à¦¹à¦¾à¦œà¦¿à¦°à¦¾ à¦šà¦¿à¦° à¦ªà¦°à¦¿à¦šà¦¿à¦¤ à¦–à¦¿à¦®à¦¾à¦¯à¦¼ (à¦¤à¦¾à¦à¦¬à§) à¦¥à¦¾à¦•à§‡à¦¨à¦¨à¦¿à¥¤ à¦¸à§à¦¬à¦¾à¦¸à§à¦¥à§à¦¯à¦¬à¦¿à¦§à¦¿ à¦®à§‡à¦¨à§‡ à¦¤à¦¾à¦¦à§‡à¦° à¦°à¦¾à¦–à¦¾ à¦¹à¦¯à¦¼ à¦®à¦¿à¦¨à¦¾à¦¯à¦¼ à¦…à¦¬à¦¸à§à¦¥à¦¿à¦¤ à¦‰à¦¨à§à¦¨à¦¤à¦®à¦¾à¦¨à§‡à¦° à¦Ÿà¦¾à¦“à¦¯à¦¼à¦¾à¦°à§‡à¥¤ à¦¸à§‡à¦–à¦¾à¦¨à§‡ à¦°à¦¾à¦¤à¦­à¦° à¦•à§‹à¦°à¦†à¦¨ à¦¤à§‡à¦²à¦¾à¦“à¦¯à¦¼à¦¾à¦¤, à¦¨à¦«à¦² à¦‡à¦¬à¦¾à¦¦à¦¤ à¦“ à¦œà¦¿à¦•à¦¿à¦°-à¦†à¦œà¦•à¦¾à¦°à§‡ à¦®à¦¶à¦—à§à¦² à¦›à¦¿à¦²à§‡à¦¨à¥¤</p>\r\n\r\n<p>à¦®à¦¿à¦¨à¦¾à¦¯à¦¼ à¦ªà¦¾à¦à¦š à¦“à¦¯à¦¼à¦¾à¦•à§à¦¤ à¦¨à¦¾à¦®à¦¾à¦œ à¦†à¦¦à¦¾à¦¯à¦¼ à¦¶à§‡à¦·à§‡ à¦¬à§ƒà¦¹à¦¸à§à¦ªà¦¤à¦¿à¦¬à¦¾à¦° (à§©à§¦ à¦œà§à¦²à¦¾à¦‡) à¦«à¦œà¦°à§‡à¦° à¦ªà¦° à¦®à¦¿à¦¨à¦¾ à¦¥à§‡à¦•à§‡ à¦¯à¦¾à¦¬à§‡à¦¨ à¦†à¦°à¦¾à¦«à¦¾à¦¤à§‡à¦° à¦®à¦¯à¦¼à¦¦à¦¾à¦¨à§‡à¥¤ à¦†à¦°à¦¾à¦«à¦¾à¦° à¦®à¦¯à¦¼à¦¦à¦¾à¦¨à¦‡ à¦¹à¦²à§‹- à¦¹à¦œà§‡à¦° à¦®à§‚à¦² à¦•à¦¾à¦°à§à¦¯à¦•à§à¦°à¦®à¥¤ à¦…à¦¨à§à¦¯ à¦¬à¦›à¦° à¦†à¦°à¦¾à¦«à¦¾à¦¤à§‡à¦° à¦¬à¦¿à¦¸à§à¦¤à§€à¦°à§à¦£ à¦®à¦¯à¦¼à¦¦à¦¾à¦¨à¦œà§à¦¡à¦¼à§‡ à¦¹à¦¾à¦œà¦¿à¦°à¦¾ à¦…à¦¬à¦¸à§à¦¥à¦¾à¦¨ à¦¨à¦¿à¦²à§‡à¦“ à¦à¦¬à¦¾à¦° à¦¨à¦¿à¦°à§à¦¦à¦¿à¦·à§à¦Ÿ à¦¤à¦¾à¦à¦¬à§à¦¤à§‡ à¦¥à¦¾à¦•à¦¤à§‡ à¦¹à¦¬à§‡à¥¤ à¦¸à§Œà¦¦à¦¿ à¦†à¦°à¦¬à§‡à¦° à¦¸à§à¦¥à¦¾à¦¨à§€à¦¯à¦¼ à¦¸à¦®à¦¯à¦¼ à§§à§¨à¦Ÿà¦¾ à§¨à§« à¦®à¦¿à¦¨à¦¿à¦Ÿà§‡ à¦†à¦°à¦¾à¦«à¦¾à¦¤à§‡à¦° à¦®à¦¯à¦¼à¦¦à¦¾à¦¨ à¦¸à¦‚à¦²à¦—à§à¦¨ à¦®à¦¸à¦œà¦¿à¦¦à§‡ à¦¨à¦¾à¦®à¦¿à¦°à¦¾ à¦¥à§‡à¦•à§‡ à¦¹à¦¾à¦œà¦¿à¦¦à§‡à¦° à¦‰à¦¦à§à¦¦à§‡à¦¶à§à¦¯à§‡ à¦–à§à¦¤à¦¬à¦¾ à¦ªà§à¦°à¦¦à¦¾à¦¨ à¦•à¦°à¦¾ à¦¹à¦¬à§‡à¥¤</p>\r\n\r\n<p>à¦à¦¬à¦¾à¦° à¦¹à¦œà§‡à¦° à¦–à§à¦¤à¦¬à¦¾ à¦¦à§‡à¦¬à§‡à¦¨ à¦¶à¦¾à¦¯à¦¼à¦– à¦†à¦¬à¦¦à§à¦²à§à¦²à¦¾à¦¹ à¦¬à¦¿à¦¨ à¦¸à§‹à¦²à¦¾à¦¯à¦¼à¦®à¦¾à¦¨ à¦†à¦² à¦®à¦¾à¦¨à¦¿à¦¯à¦¼à¦¾à¥¤ à¦¤à¦¿à¦¨à¦¿ à¦¸à¦¬à¦šà§‡à¦¯à¦¼à§‡ à¦¬à§‡à¦¶à¦¿ à¦¬à¦¯à¦¼à¦¸à§à¦• à¦¹à¦œà§‡à¦° à¦–à¦¤à¦¿à¦¬à¥¤ à¦ à¦¬à¦›à¦° à¦¹à¦œà§‡à¦° à¦†à¦°à¦¬à¦¿ à¦–à§à¦¤à¦¬à¦¾ à¦¬à¦¾à¦‚à¦²à¦¾à¦¸à¦¹ à¦†à¦°à¦“ à¦¨à¦¯à¦¼à¦Ÿà¦¿ à¦­à¦¾à¦·à¦¾à¦¯à¦¼ à¦…à¦¨à§à¦¬à¦¾à¦¦ à¦•à¦°à§‡ à¦¸à¦®à§à¦ªà§à¦°à¦šà¦¾à¦° à¦•à¦°à¦¾ à¦¹à¦¬à§‡à¥¤ à¦ à¦²à¦•à§à¦·à§‡ à¦ªà§à¦°à¦¯à¦¼à§‹à¦œà¦¨à§€à¦¯à¦¼ à¦¬à§à¦¯à¦¬à¦¸à§à¦¥à¦¾ à¦—à§à¦°à¦¹à¦£ à¦•à¦°à¦¾ à¦¹à¦¯à¦¼à§‡à¦›à§‡à¥¤ à¦“à¦‡ à¦¨à¦¯à¦¼ à¦­à¦¾à¦·à¦¾ à¦¹à¦²à§‹- à¦‡à¦‚à¦°à§‡à¦œà¦¿, à¦®à¦¾à¦²à¦¯à¦¼, à¦‰à¦°à§à¦¦à§, à¦«à¦¾à¦°à§à¦¸à¦¿, à¦«à§à¦°à§‡à¦žà§à¦š, à¦®à¦¾à¦¨à§à¦¦à¦¾à¦°à¦¿à¦¨, à¦¤à§à¦°à§à¦•à¦¿, à¦°à§à¦¶ à¦“ à¦¹à¦¾à¦¬à¦¶à¦¿à¥¤ à§¨à§¦à§§à§¯ à¦¸à¦¾à¦²à§‡ à§« à¦­à¦¾à¦·à¦¾à¦¯à¦¼ à¦¹à¦œà§‡à¦° à¦–à§à¦¤à¦¬à¦¾à¦° à¦…à¦¨à§à¦¬à¦¾à¦¦ à¦ªà§à¦°à¦šà¦¾à¦° à¦•à¦°à¦¾ à¦¹à¦¯à¦¼à§‡à¦›à¦¿à¦²à¥¤</p>\r\n\r\n<p>à¦†à¦°à¦¾à¦«à¦¾à¦¤à§‡à¦° à¦®à¦¯à¦¼à¦¦à¦¾à¦¨à§‡ à¦¦à¦¾à¦à¦¡à¦¼à¦¿à¦¯à¦¼à§‡ à¦¸à¦°à§à¦¬à¦¶à§‡à¦· à¦“ à¦¸à¦°à§à¦¬à¦¶à§à¦°à§‡à¦·à§à¦  à¦¨à¦¬à§€ à¦¹à¦œà¦°à¦¤ à¦®à§à¦¹à¦¾à¦®à§à¦®à¦¦ (à¦¸à¦¾.) à¦¬à¦¿à¦¦à¦¾à¦¯à¦¼ à¦¹à¦œà§‡à¦° à¦à¦¤à¦¿à¦¹à¦¾à¦¸à¦¿à¦• à¦­à¦¾à¦·à¦£ à¦¦à¦¿à¦¯à¦¼à§‡à¦›à¦¿à¦²à§‡à¦¨à¥¤ à¦²à¦¾à¦–à§‹ à¦®à¦¾à¦¨à§à¦·à§‡à¦° à¦‰à¦¦à§à¦¦à§‡à¦¶à§‡ à¦ªà§à¦°à¦¦à¦¤à§à¦¤ à¦à¦‡ à¦­à¦¾à¦·à¦£à§‡à¦° à¦ªà¦° à¦†à¦²à§à¦²à¦¾à¦¹à¦° à¦ªà¦•à§à¦· à¦¥à§‡à¦•à§‡ à¦˜à§‹à¦·à¦£à¦¾ à¦à¦¸à§‡à¦›à¦¿à¦² à¦¦à§à¦¬à§€à¦¨à§‡à¦° à¦ªà¦°à¦¿à¦ªà§‚à¦°à§à¦£à¦¤à¦¾ à¦²à¦¾à¦­à§‡à¦°à¥¤ à¦¸à§‡à¦‡ à¦§à¦¾à¦°à¦¾à¦¬à¦¾à¦¹à¦¿à¦•à¦¤à¦¾ à¦¬à¦œà¦¾à¦¯à¦¼ à¦°à§‡à¦–à§‡ à¦à¦–à¦¨à¦“ à¦­à¦¾à¦·à¦£ à¦¦à§‡à¦“à¦¯à¦¼à¦¾ à¦¹à¦¯à¦¼à¥¤ à¦­à¦¾à¦·à¦£à§‡ à¦¬à¦¿à¦¶à§à¦¬à§‡à¦° à¦¸à¦¾à¦°à§à¦¬à¦¿à¦• à¦ªà¦°à¦¿à¦¸à§à¦¥à¦¿à¦¤à¦¿ à¦¤à§à¦²à§‡ à¦§à¦°à¦¾ à¦¹à¦¯à¦¼à¥¤ à¦®à§à¦¸à¦²à¦¿à¦® à¦‰à¦®à§à¦®à¦¾à¦¹à¦° à¦¶à¦¾à¦¨à§à¦¤à¦¿ à¦“ à¦¸à¦®à§ƒà¦¦à§à¦§à¦¿à¦° à¦œà¦¨à§à¦¯ à¦ªà§à¦°à¦¯à¦¼à§‹à¦œà¦¨à§€à¦¯à¦¼ à¦¦à¦¿à¦•-à¦¨à¦¿à¦°à§à¦¦à§‡à¦¶à¦¨à¦¾ à¦¦à§‡à¦“à¦¯à¦¼à¦¾ à¦¹à¦¯à¦¼à¥¤ à¦‰à¦ªà¦¸à§à¦¥à¦¿à¦¤ à¦¹à¦¾à¦œà¦¿à¦°à¦¾ à¦†à¦¬à§‡à¦—à¦˜à¦¨ à¦ªà¦°à¦¿à¦¬à§‡à¦¶à§‡ à¦®à¦¹à¦¾à¦¨ à¦†à¦²à§à¦²à¦¾à¦¹à¦° à¦œà¦¨à§à¦¯ à¦¨à¦¿à¦œà§‡à¦° à¦œà§€à¦¬à¦¨ à¦‰à§Žà¦¸à¦°à§à¦— à¦•à¦°à§‡ à¦¦à§‡à¦“à¦¯à¦¼à¦¾à¦° à¦®à¦¨-à¦®à¦¾à¦¨à¦¸à¦¿à¦•à¦¤à¦¾ à¦¨à¦¿à¦¯à¦¼à§‡ à¦•à¦¾à¦¨à§à¦¨à¦¾à¦•à¦¾à¦Ÿà¦¿ à¦•à¦°à¦¤à§‡ à¦¥à¦¾à¦•à§‡à¦¨à¥¤ à¦¤à¦¾à¦°à¦¾ à¦¨à¦¿à¦œà§‡à¦¦à§‡à¦° à¦ªà¦¾à¦ªà§‡à¦° à¦œà¦¨à§à¦¯ à¦•à§à¦·à¦®à¦¾ à¦ªà§à¦°à¦¾à¦°à§à¦¥à¦¨à¦¾ à¦•à¦°à§‡à¦¨, à¦¨à¦¿à¦œà§‡à¦° à¦ªà¦°à¦¿à¦¬à¦¾à¦°-à¦ªà¦°à¦¿à¦œà¦¨, à¦¸à¦®à¦¾à¦œ à¦“ à¦°à¦¾à¦·à§à¦Ÿà§à¦°à§‡à¦° à¦¸à§à¦– à¦¶à¦¾à¦¨à§à¦¤à¦¿à¦° à¦œà¦¨à§à¦¯ à¦†à¦²à§à¦²à¦¾à¦¹à¦° à¦•à¦¾à¦›à§‡ à¦¦à§‹à¦¯à¦¼à¦¾ à¦•à¦°à§‡à¦¨à¥¤</p>\r\n\r\n<p>à¦¹à¦¾à¦œà¦¿à¦°à¦¾ à¦†à¦°à¦¾à¦«à¦¾à¦¤à§‡à¦° à¦®à¦¯à¦¼à¦¦à¦¾à¦¨à§‡ à¦¸à¦¾à¦°à¦¾à¦¦à¦¿à¦¨ à¦¥à§‡à¦•à§‡ à¦¸à¦¨à§à¦§à§à¦¯à¦¾à¦¯à¦¼ à¦®à¦¾à¦—à¦°à¦¿à¦¬à§‡à¦° à¦¨à¦¾à¦®à¦¾à¦œ à¦¨à¦¾ à¦ªà¦¡à¦¼à§‡ à¦šà¦²à§‡ à¦¯à¦¾à¦¬à§‡à¦¨ à¦®à§à¦œà¦¦à¦¾à¦²à¦¿à¦«à¦¾à¦¯à¦¼à¥¤ à¦¸à§‡à¦–à¦¾à¦¨à§‡ à¦—à¦¿à¦¯à¦¼à§‡ à¦®à¦¾à¦—à¦°à¦¿à¦¬ à¦“ à¦à¦¶à¦¾à¦° à¦¨à¦¾à¦®à¦¾à¦œ à¦à¦• à¦†à¦œà¦¾à¦¨à§‡ à¦†à¦²à¦¾à¦¦à¦¾ à¦†à¦²à¦¾à¦¦à¦¾ à¦‡à¦•à¦¾à¦®à¦¤à§‡ à¦à¦•à¦¸à¦™à§à¦—à§‡ à¦§à¦¾à¦°à¦¾à¦¬à¦¾à¦¹à¦¿à¦•à¦­à¦¾à¦¬à§‡ à¦†à¦¦à¦¾à¦¯à¦¼ à¦•à¦°à¦¬à§‡à¦¨à¥¤ à¦®à§à¦œà¦¦à¦¾à¦²à¦¿à¦«à¦¾à¦¯à¦¼ à¦¸à¦¾à¦°à¦¾à¦°à¦¾à¦¤ à¦–à§‹à¦²à¦¾ à¦†à¦•à¦¾à¦¶à§‡à¦° à¦¨à¦¿à¦šà§‡ à¦¸à¦¾à¦°à¦¾à¦°à¦¾à¦¤ à¦…à¦¬à¦¸à§à¦¥à¦¾à¦¨ à¦•à¦°à¦¬à§‡à¦¨ à¦à¦¬à¦‚ à¦¸à§‡à¦–à¦¾à¦¨à§‡à¦‡ à¦«à¦œà¦°à§‡à¦° à¦¨à¦¾à¦®à¦¾à¦œ à¦†à¦¦à¦¾à¦¯à¦¼ à¦•à¦°à§‡ à¦¸à§‚à¦°à§à¦¯ à¦“à¦ à¦¾à¦° à¦†à¦—à§‡ à¦•à¦¿à¦›à§à¦•à§à¦·à¦£ à¦…à¦¬à¦¸à§à¦¥à¦¾à¦¨ à¦•à¦°à§‡ à¦œà¦¾à¦®à¦¾à¦°à¦¾à¦¤à§‡ à¦•à¦™à§à¦•à¦° à¦¨à¦¿à¦•à§à¦·à§‡à¦ª à¦•à¦°à¦¾à¦° à¦œà¦¨à§à¦¯ à¦«à§‡à¦° à¦šà¦²à§‡ à¦¯à¦¾à¦¬à§‡à¦¨ à¦®à¦¿à¦¨à¦¾à¦¯à¦¼à¥¤ à§§à§¦ à¦œà¦¿à¦²à¦¹à¦œ à¦®à§à¦œà¦¦à¦¾à¦²à¦¿à¦«à¦¾ à¦¥à§‡à¦•à§‡ à¦®à¦¿à¦¨à¦¾à¦¯à¦¼ à¦à¦¸à§‡ à¦¬à¦¡à¦¼ à¦œà¦¾à¦®à¦°à¦¾à¦¤à§‡ à§­à¦Ÿà¦¿ à¦ªà¦¾à¦¥à¦° à¦¨à¦¿à¦•à§à¦·à§‡à¦ª à¦•à¦°à¦¬à§‡à¦¨ à¦à¦¬à¦‚ à¦ à¦•à¦¾à¦œ à¦œà§‹à¦¹à¦°à§‡à¦° à¦†à¦—à§‡à¦‡ à¦¸à¦®à§à¦ªà¦¨à§à¦¨ à¦•à¦°à¦¬à§‡à¦¨à¥¤ à¦¬à¦¡à¦¼ à¦œà¦¾à¦®à¦¾à¦°à¦¾à¦¤à§‡ à¦ªà¦¾à¦¥à¦° à¦¨à¦¿à¦•à§à¦·à§‡à¦ª à¦•à¦°à§‡ à¦•à§‹à¦°à¦¬à¦¾à¦¨à¦¿à¦° à¦•à¦¾à¦œà¦“ à¦¸à¦®à§à¦ªà¦¨à§à¦¨ à¦•à¦°à¦¬à§‡à¦¨ à¦¹à¦œà¦¿à¦°à¦¾à¥¤ à¦¸à§‡à¦‡ à¦¸à¦™à§à¦—à§‡ à¦¨à¦¿à¦œà§‡à¦¦à§‡à¦° à¦®à¦¾à¦¥à¦¾ à¦®à§à¦£à§à¦¡à¦¨ à¦•à¦°à§‡ à¦‡à¦¹à¦°à¦¾à¦®à§‡à¦° à¦•à¦¾à¦ªà¦¡à¦¼ à¦¥à§‡à¦•à§‡ à¦¹à¦¾à¦²à¦¾à¦² à¦¹à¦¬à§‡à¦¨à¥¤</p>\r\n\r\n<p>à§§à§§ à¦“ à§§à§¨ à¦œà¦¿à¦²à¦¹à¦œ à¦¸à§‚à¦°à§à¦¯ à¦¡à§‹à¦¬à¦¾à¦° à¦†à¦—à§‡ à¦¤à¦¾à¦“à¦¯à¦¼à¦¾à¦«à§‡ à¦œà¦¿à¦¯à¦¼à¦¾à¦°à¦¤à§‡à¦° à¦•à¦¾à¦œ à¦¸à¦®à§à¦ªà¦¨à§à¦¨ à¦•à¦°à¦¬à§‡à¦¨ à¦à¦¬à¦‚ à¦ à¦¦à§&rsquo;à¦¦à¦¿à¦¨ à¦®à¦¿à¦¨à¦¾à¦¯à¦¼ à¦…à¦¬à¦¸à§à¦¥à¦¾à¦¨ à¦•à¦°à§‡ à¦›à§‹à¦Ÿ, à¦®à¦§à§à¦¯à¦® à¦“ à¦¬à¦¡à¦¼ à¦œà¦¾à¦®à¦¾à¦°à¦¾à¦¯à¦¼ à¦¸à¦¾à¦¤à¦Ÿà¦¿ à¦•à¦°à§‡ à¦®à§‹à¦Ÿ à§¨à§§à¦Ÿà¦¿ à¦ªà¦¾à¦¥à¦° à¦¨à¦¿à¦•à§à¦·à§‡à¦ª à¦•à¦°à§‡ à§§à§¨ à¦œà¦¿à¦²à¦¹à¦œ à¦¸à§‚à¦°à§à¦¯ à¦¡à§‹à¦¬à¦¾à¦° à¦†à¦—à§‡ à¦®à¦¿à¦¨à¦¾ à¦¤à§à¦¯à¦¾à¦— à¦•à¦°à¦¬à§‡à¦¨à¥¤ à¦à¦°à¦ªà¦° à¦¬à¦¿à¦¦à¦¾à¦¯à¦¼à§€ à¦¤à¦¾à¦“à¦¯à¦¼à¦¾à¦«à§‡à¦° à¦®à¦¾à¦§à§à¦¯à¦®à§‡ à¦¹à¦œà§‡à¦° à¦•à¦¾à¦œ à¦¸à¦®à§à¦ªà¦¨à§à¦¨ à¦•à¦°à¦¬à§‡à¦¨ à¦¹à¦¾à¦œà¦¿à¦°à¦¾à¥¤</p>\r\n\r\n<p>à¦šà¦²à¦¤à¦¿ à¦¹à¦œà§‡ à¦…à¦‚à¦¶à¦—à§à¦°à¦¹à¦£à¦•à¦¾à¦°à§€à¦¦à§‡à¦° à¦®à¦§à§à¦¯à§‡ à§©à§¦ à¦¶à¦¤à¦¾à¦‚à¦¶ à¦¸à§Œà¦¦à¦¿ à¦¨à¦¾à¦—à¦°à¦¿à¦• à¦“ à§­à§¦ à¦¶à¦¤à¦¾à¦‚à¦¶ à¦¸à§Œà¦¦à¦¿ à¦ªà§à¦°à¦¬à¦¾à¦¸à§€ à¦¬à¦¿à¦¦à§‡à¦¶à¦¿ à¦¬à¦²à§‡ à¦œà¦¾à¦¨à¦¿à¦¯à¦¼à§‡à¦›à§‡ à¦•à¦°à§à¦¤à§ƒà¦ªà¦•à§à¦·à¥¤ à¦¬à¦¿à¦¦à§‡à¦¶à¦¿ à¦¨à¦¾à¦—à¦°à¦¿à¦•à¦¦à§‡à¦° à¦®à¦§à§à¦¯à§‡ à¦°à¦¯à¦¼à§‡à¦›à§‡ à§§à§¬à§¦ à¦¦à§‡à¦¶à§‡à¦° à¦ªà§à¦°à¦¤à¦¿à¦¨à¦¿à¦§à¦¿à¥¤</p>\r\n\r\n<p>à¦•à§‹à¦­à¦¿à¦¡-à§§à§¯ à¦®à¦¹à¦¾à¦®à¦¾à¦°à¦¿ à¦à¦¬à¦¾à¦°à§‡à¦° à¦¹à¦œ à¦†à¦¯à¦¼à§‹à¦œà¦¨à¦•à§‡ à¦…à¦¨à¦¿à¦¶à§à¦šà¦¯à¦¼à¦¤à¦¾à¦¯à¦¼ à¦«à§‡à¦²à§‡ à¦¦à¦¿à¦¯à¦¼à§‡à¦›à¦¿à¦²à¥¤ à¦¸à§Œà¦¦à¦¿ à¦†à¦°à¦¬à§‡ à¦•à¦°à§‹à¦¨à¦¾à¦­à¦¾à¦‡à¦°à¦¾à¦¸à§‡à¦° à¦ªà§à¦°à¦¾à¦¦à§à¦°à§à¦­à¦¾à¦¬ à¦¦à§‡à¦–à¦¾ à¦¦à§‡à¦“à¦¯à¦¼à¦¾à¦° à¦ªà¦° à¦¦à§‡à¦¶à§‡à¦° à§¯à§¦ à¦¹à¦¾à¦œà¦¾à¦° à¦®à¦¸à¦œà¦¿à¦¦à§‡à¦° à¦œà¦¾à¦®à¦¾à¦¤à§‡ à¦¨à¦¾à¦®à¦¾à¦œ à¦†à¦¦à¦¾à¦¯à¦¼ à¦¬à¦¨à§à¦§ à¦•à¦°à§‡ à¦¦à¦¿à¦¯à¦¼à§‡à¦›à¦¿à¦² à¦¸à§Œà¦¦à¦¿ à¦¸à¦°à¦•à¦¾à¦°à¥¤ à¦®à¦¸à¦œà¦¿à¦¦à§‡ à¦¹à¦¾à¦°à¦¾à¦® à¦“ à¦®à¦¸à¦œà¦¿à¦¦à§‡ à¦¨à¦¬à¦¬à§€à¦¤à§‡ à¦¸à§€à¦®à¦¿à¦¤ à¦®à¦¾à¦¨à§à¦·à§‡à¦° à¦‰à¦ªà¦¸à§à¦¥à¦¿à¦¤à¦¿à¦¤à§‡ à¦œà¦¾à¦®à¦¾à¦¤ à¦šà¦¾à¦²à§ à¦›à¦¿à¦²à§‹à¥¤ à¦ªà¦°à§‡ à¦®à¦¸à¦œà¦¿à¦¦à§‡ à¦¨à¦¬à¦¬à§€à¦¸à¦¹ à¦¦à§‡à¦¶à§‡à¦° à¦¸à¦¬ à¦®à¦¸à¦œà¦¿à¦¦ à¦œà¦¾à¦®à¦¾à¦¦à§‡à¦° à¦œà¦¨à§à¦¯ à¦–à§à¦²à§‡ à¦¦à¦¿à¦²à§‡à¦“ à¦®à¦¸à¦œà¦¿à¦¦à§‡à¦° à¦¹à¦¾à¦°à¦¾à¦®à§‡ à¦à¦–à¦¨à¦“ à¦¸à¦°à§à¦¬ à¦¸à¦¾à¦§à¦¾à¦°à¦£à¦•à§‡ à¦¨à¦¾à¦®à¦¾à¦œà§‡à¦° à¦…à¦¨à§à¦®à¦¤à¦¿ à¦¦à§‡à¦“à¦¯à¦¼à¦¾ à¦¹à¦¯à¦¼à¦¨à¦¿à¥¤ à¦¦à§€à¦°à§à¦˜à¦¦à¦¿à¦¨ à¦ªà¦° à¦¬à§à¦§à¦¬à¦¾à¦° à¦¤à¦¾à¦“à¦¯à¦¼à¦¾à¦«à§‡ à¦•à§à¦¦à§à¦®à§‡à¦° à¦œà¦¨à§à¦¯ à§§à§¦ à¦¹à¦¾à¦œà¦¾à¦° à¦¹à¦¾à¦œà¦¿ à¦®à¦¸à¦œà¦¿à¦¦à§‡à¦° à¦¹à¦¾à¦°à¦¾à¦®à§‡ à¦ªà§à¦°à¦¬à§‡à¦¶ à¦•à¦°à§‡ à¦¤à¦¾à¦“à¦¯à¦¼à¦¾à¦«à§‡à¦° à¦†à¦¨à§à¦·à§à¦ à¦¾à¦¨à¦¿à¦•à¦¤à¦¾ à¦¸à¦®à§à¦ªà¦¨à§à¦¨ à¦•à¦°à§‡à¦¨à¥¤ à¦•à¦°à§‹à¦¨à¦¾à¦­à¦¾à¦‡à¦°à¦¾à¦¸à§‡à¦° à¦ªà§à¦°à¦¾à¦¦à§à¦°à§à¦­à¦¾à¦¬ à¦¨à¦¿à¦¯à¦¼à¦¨à§à¦¤à§à¦°à¦£à§‡ à¦°à¦¾à¦–à¦¤à§‡ à¦Ÿà¦¾à¦¨à¦¾ à¦¤à¦¿à¦¨ à¦®à¦¾à¦¸ à¦§à¦°à§‡ à¦²à¦•à¦¡à¦¾à¦‰à¦¨à§‡ à¦›à¦¿à¦² à¦¸à§Œà¦¦à¦¿ à¦†à¦°à¦¬à¥¤ à¦ à¦¸à¦®à¦¯à¦¼ à¦¦à§‡à¦¶à¦Ÿà¦¿à¦° à¦…à¦§à¦¿à¦•à¦¾à¦‚à¦¶ à¦¶à¦¹à¦°à§‡ à§¨à§ª à¦˜à¦£à§à¦Ÿà¦¾ à¦•à¦¾à¦°à¦«à¦¿à¦‰ à¦œà¦¾à¦°à¦¿ à¦›à¦¿à¦²à¥¤</p>\r\n\r\n<p>à¦à¦¬à¦¾à¦°à§‡à¦° à¦¹à¦œà§‡ à¦…à¦‚à¦¶à¦—à§à¦°à¦¹à¦£à¦•à¦¾à¦°à§€à¦°à¦¾ à¦®à¦•à§à¦•à¦¾à¦¯à¦¼ à¦‰à¦ªà¦¸à§à¦¥à¦¿à¦¤ à¦¹à¦“à¦¯à¦¼à¦¾à¦° à¦ªà¦°à¦ªà¦°à¦‡ à¦¤à¦¾à¦¦à§‡à¦° à¦¦à§‡à¦¹à§‡à¦° à¦¤à¦¾à¦ªà¦®à¦¾à¦¤à§à¦°à¦¾ à¦ªà¦°à§€à¦•à§à¦·à¦¾ à¦“ à¦­à¦¾à¦‡à¦°à¦¾à¦¸ à¦ªà¦°à§€à¦•à§à¦·à¦¾ à¦•à¦°à¦¾ à¦¹à¦¯à¦¼à§‡à¦›à§‡à¥¤ à¦¹à¦œ à¦¶à§à¦°à§à¦° à¦†à¦—à§‡ à¦“ à¦ªà¦°à§‡ à¦¤à¦¾à¦¦à§‡à¦° à¦•à§‹à¦¯à¦¼à¦¾à¦°à§‡à¦¨à§à¦Ÿà¦¾à¦‡à¦¨à§‡à¦° à¦¬à§à¦¯à¦¬à¦¸à§à¦¥à¦¾ à¦•à¦°à¦¾ à¦¹à¦¯à¦¼à§‡à¦›à§‡à¥¤</p>\r\n\r\n<p>à¦®à¦¹à¦¾à¦®à¦¾à¦°à¦¿à¦° à¦•à¦¾à¦°à¦£à§‡ à¦à¦¬à¦¾à¦°à§‡à¦° à¦¹à¦œà§‡à¦° à¦œà¦¨à§à¦¯ à¦¬à¦¿à¦¶à§‡à¦· à¦¸à§à¦¬à¦¾à¦¸à§à¦¥à§à¦¯à¦¬à¦¿à¦§à¦¿ à¦œà¦¾à¦°à¦¿ à¦•à¦°à§‡à¦›à§‡ à¦¸à§Œà¦¦à¦¿ à¦†à¦°à¦¬à§‡à¦° à¦œà¦¾à¦¤à§€à¦¯à¦¼ à¦°à§‹à¦— à¦ªà§à¦°à¦¤à¦¿à¦°à§‹à¦§ à¦“ à¦¨à¦¿à¦¯à¦¼à¦¨à§à¦¤à§à¦°à¦£ à¦•à¦°à§à¦¤à§ƒà¦ªà¦•à§à¦·à¥¤ à¦¬à¦¿à¦§à¦¿ à¦…à¦¨à§à¦¯à¦¾à¦¯à¦¼à§€, à¦¹à¦œ à¦ªà¦¾à¦²à¦¨à¦•à¦¾à¦°à§€à¦°à¦¾ à¦•à¦¾à¦¬à¦¾ à¦¶à¦°à¦¿à¦«à§‡ à¦“ à¦•à¦¾à¦²à§‹ à¦ªà¦¾à¦¥à¦°à§‡ à¦šà§à¦®à§ à¦–à§‡à¦¤à§‡ à¦¬à¦¾ à¦¸à§à¦ªà¦°à§à¦¶ à¦•à¦°à¦¤à§‡ à¦ªà¦¾à¦°à¦¬à§‡à¦¨ à¦¨à¦¾ à¦à¦¬à¦‚ à¦¶à¦¯à¦¼à¦¤à¦¾à¦¨à§‡à¦° à¦‰à¦¦à§à¦¦à§‡à¦¶à§à¦¯à§‡ à¦ªà¦¾à¦¥à¦° à¦›à§à¦¡à¦¼à§‡ à¦®à¦¾à¦°à¦¾à¦° à¦œà¦¨à§à¦¯ à¦†à¦—à§‡ à¦¥à§‡à¦•à§‡ à¦œà§€à¦¬à¦¾à¦£à§à¦®à§à¦•à§à¦¤ à¦ªà§à¦¯à¦¾à¦•à§‡à¦Ÿà¦œà¦¾à¦¤ à¦ªà¦¾à¦¥à¦° à¦¬à§à¦¯à¦¬à¦¹à¦¾à¦° à¦•à¦°à¦¤à§‡ à¦¹à¦¬à§‡à¥¤ à¦¯à¦¾ à¦¹à¦¾à¦œà¦¿à¦¦à§‡à¦° à¦¸à¦°à¦¬à¦°à¦¾à¦¹ à¦•à¦°à¦¾ à¦¹à¦¯à¦¼à§‡à¦›à§‡à¥¤</p>\r\n\r\n<p>à¦¹à¦œ à¦ªà¦¾à¦²à¦¨à¦•à¦¾à¦°à§€ à¦“ à¦¹à¦œà§‡ à¦¦à¦¾à¦¯à¦¼à¦¿à¦¤à§à¦¬ à¦ªà¦¾à¦²à¦¨à¦•à¦¾à¦°à§€à¦¦à§‡à¦° à¦…à¦¬à¦¶à§à¦¯à¦‡ à¦¸à§à¦°à¦•à§à¦·à¦¾ à¦®à¦¾à¦¸à§à¦• à¦ªà¦°à¦¤à§‡ à¦¹à¦¬à§‡ à¦à¦¬à¦‚ à¦¤à¦¾ à¦¬à§à¦¯à¦¬à¦¹à¦¾à¦° à¦¶à§‡à¦·à§‡ à¦¸à§à¦¨à¦¿à¦°à§à¦¦à¦¿à¦·à§à¦Ÿ à¦¸à§à¦¥à¦¾à¦¨à§‡ à¦«à§‡à¦²à¦¤à§‡ à¦¹à¦¬à§‡à¥¤ à¦¹à¦œ à¦ªà¦¾à¦²à¦¨à¦•à¦¾à¦°à§€à¦°à¦¾ à¦¯à§‡à¦–à¦¾à¦¨à§‡à¦‡ à¦¸à¦®à¦¬à§‡à¦¤ à¦¹à§‹à¦¨ à¦¨à¦¾ à¦•à§‡à¦¨, à¦¦à§&rsquo;à¦œà¦¨à§‡à¦° à¦®à¦§à§à¦¯à§‡ à¦…à¦¨à§à¦¤à¦¤ à¦¦à§‡à¦¡à¦¼ à¦®à¦¿à¦Ÿà¦¾à¦° à¦¦à§‚à¦°à¦¤à§à¦¬ à¦°à¦¾à¦–à¦¤à§‡ à¦¹à¦¬à§‡à¥¤ à¦¸à§à¦¬à¦¾à¦¸à§à¦¥à§à¦¯ à¦¸à§à¦°à¦•à§à¦·à¦¾à¦¬à¦¿à¦§à¦¿ à¦ªà¦¾à¦²à¦¨à§‡à¦° à¦œà¦¨à§à¦¯ à§«à§¦ à¦œà¦¨à§‡à¦° à¦¸à¦®à¦¨à§à¦¬à¦¯à¦¼à§‡ à¦à¦•à§‡à¦•à¦Ÿà¦¿ à¦¦à¦² à¦—à¦ à¦¨ à¦•à¦°à¦¾ à¦¹à¦¯à¦¼à§‡à¦›à§‡à¥¤ à¦¤à¦¾à¦¦à§‡à¦° à¦¨à§‡à¦¤à§ƒà¦¤à§à¦¬à§‡ à¦¥à¦¾à¦•à¦¬à§‡à¦¨ à¦à¦•à¦œà¦¨ à¦¸à§à¦¬à¦¾à¦¸à§à¦¥à§à¦¯ à¦•à¦°à§à¦®à¦•à¦°à§à¦¤à¦¾à¥¤ à¦¤à¦¾à¦°à¦¾ à¦¸à§à¦¬à¦¾à¦¸à§à¦¥à§à¦¯à¦¬à¦¿à¦§à¦¿ à¦®à§‡à¦¨à§‡ à¦šà¦²à¦¾ à¦¨à¦¿à¦¶à§à¦šà¦¿à¦¤ à¦•à¦°à¦¬à§‡à¦¨à¥¤</p>\r\n\r\n<p>à¦¹à¦œ à¦ªà¦¾à¦°à¦®à¦¿à¦Ÿ à¦›à¦¾à¦¡à¦¼à¦¾ à¦¹à¦œà§‡à¦° à¦œà¦¨à§à¦¯ à¦ªà¦¬à¦¿à¦¤à§à¦° à¦¸à§à¦¥à¦¾à¦¨ à¦®à¦¿à¦¨à¦¾, à¦®à§à¦œà¦¦à¦¾à¦²à¦¿à¦«à¦¾ à¦“ à¦†à¦°à¦¾à¦«à¦¾à¦¤à§‡à¦° à¦®à¦¯à¦¼à¦¦à¦¾à¦¨à§‡ à¦¹à¦œà§‡à¦° à¦ªà¦žà§à¦šà¦® à¦¦à¦¿à¦¨ à§§à§¨ à¦œà¦¿à¦²à¦¹à¦œ à¦ªà¦°à§à¦¯à¦¨à§à¦¤ à¦¨à¦¿à¦·à¦¿à¦¦à§à¦§à¥¤ à¦…à¦¨à§à¦¯ à¦¦à§‡à¦¶ à¦¥à§‡à¦•à§‡ à¦†à¦¸à¦¾ à¦•à§‡à¦‰ à¦¹à¦œà§‡à¦° à¦†à¦¨à§à¦·à§à¦ à¦¾à¦¨à¦¿à¦•à¦¤à¦¾à¦¯à¦¼ à¦¯à§‹à¦— à¦¦à¦¿à¦¤à§‡ à¦à¦²à§‡à¦‡ à¦¤à¦¾à¦¦à§‡à¦° à¦—à§à¦°à§‡à¦ªà§à¦¤à¦¾à¦° à¦•à¦°à¦¾ à¦¹à¦šà§à¦›à§‡à¥¤ à¦¬à§à¦§à¦¬à¦¾à¦° à¦®à¦¿à¦¨à¦¾à¦° à¦ªà¦¾à¦¹à¦¾à¦¡à¦¼ à¦¡à¦¿à¦™à¦¿à¦¯à¦¼à§‡ à¦¹à¦œà§‡à¦° à¦†à¦¨à§à¦·à§à¦ à¦¾à¦¨à¦¿à¦•à¦¤à¦¾à¦¯à¦¼ à¦¶à¦°à¦¿à¦• à¦¹à¦¤à§‡ à¦à¦¸à§‡ à§¨à§ªà§ª à¦œà¦¨ à¦—à§à¦°à§‡à¦ªà§à¦¤à¦¾à¦° à¦¹à¦¯à¦¼à§‡à¦›à§‡à¦¨à¥¤</p>\r\n\r\n<p>à¦¹à¦œ à¦‡à¦¸à¦²à¦¾à¦®à§‡à¦° à¦ªà¦žà§à¦š à¦¸à§à¦¤à¦®à§à¦­à§‡à¦° à¦à¦•à¦Ÿà¦¿à¥¤ à¦¶à¦¾à¦°à§€à¦°à¦¿à¦• à¦“ à¦†à¦°à§à¦¥à¦¿à¦•à¦­à¦¾à¦¬à§‡ à¦¸à¦šà§à¦›à¦² à¦ªà§à¦°à¦¤à¦¿à¦Ÿà¦¿ à¦®à§à¦¸à¦²à¦¿à¦®à§‡à¦° à¦œà¦¨à§à¦¯ à¦œà§€à¦¬à¦¨à§‡ à¦à¦•à¦¬à¦¾à¦° à¦¹à¦œ à¦•à¦°à¦¾ à¦«à¦°à¦œà¥¤ à¦¬à¦¿à¦¶à§à¦¬à§‡à¦° à§§à§®à§¦ à¦•à§‹à¦Ÿà¦¿ à¦®à§à¦¸à¦²à¦®à¦¾à¦¨à¦¦à§‡à¦° à¦œà¦¨à§à¦¯ à¦¹à¦œ à¦à¦•à¦Ÿà¦¿ à¦ªà¦¬à¦¿à¦¤à§à¦° à¦®à¦¾à¦‡à¦²à¦«à¦²à¦•à¥¤ à¦…à¦¨à§‡à¦• à¦®à¦¾à¦¨à§à¦· à¦¹à¦œà§‡à¦° à¦œà¦¨à§à¦¯ à¦¸à¦¾à¦°à¦¾à¦œà§€à¦¬à¦¨ à¦§à¦°à§‡ à¦…à¦°à§à¦¥ à¦¸à¦žà§à¦šà¦¯à¦¼ à¦•à¦°à§‡ à¦¥à¦¾à¦•à§‡à¦¨à¥¤ à¦à¦¬à¦¾à¦° à¦¯à¦¾à¦°à¦¾ à¦¹à¦œ à¦•à¦°à¦¤à§‡ à¦ªà¦¾à¦°à§‡à¦¨à¦¨à¦¿, à¦¤à¦¾à¦¦à§‡à¦° à¦…à¦¨à§‡à¦•à§‡à¦‡ à¦¹à¦¯à¦¼à¦¤à§‹ à¦œà§€à¦¬à¦¨à§‡à¦° à¦à¦•à¦Ÿà¦¿ à¦—à§à¦°à§à¦¤à§à¦¬à¦ªà§‚à¦°à§à¦£ à¦¸à§à¦¬à¦ªà§à¦¨ à¦ªà§‚à¦°à¦£à§‡à¦° à¦¸à§à¦¯à§‹à¦— à¦†à¦° à¦ªà¦¾à¦¬à§‡à¦¨ à¦¨à¦¾à¥¤ à¦•à¦¾à¦°à¦£ à¦¹à¦œà§‡ à¦…à¦‚à¦¶à¦—à§à¦°à¦¹à¦£à¦•à¦¾à¦°à§€à¦¦à§‡à¦° à¦¬à¦¡à¦¼ à¦à¦•à¦Ÿà¦¿ à¦…à¦‚à¦¶à¦‡ à¦¬à¦¯à¦¼à§‹à¦¬à§ƒà¦¦à§à¦§ à¦¹à¦¯à¦¼à§‡ à¦¥à¦¾à¦•à§‡à¦¨à¥¤ à¦¤à¦¬à§‡ à¦‡à¦¸à¦²à¦¾à¦®à¦¿ à¦¸à§à¦•à¦²à¦¾à¦°à¦°à¦¾ à¦¬à¦²à§‡à¦›à§‡à¦¨, à¦à¦¬à¦¾à¦° à¦¸à§à¦¯à§‹à¦— à¦¨à¦¾ à¦ªà§‡à¦²à§‡à¦“ à¦¤à¦¾à¦°à¦¾ à¦†à¦—à¦¾à¦®à§€à¦¤à§‡ à¦¹à¦œà§‡à¦° à¦¨à¦¿à¦¯à¦¼à¦¤ à¦°à¦¾à¦–à¦¬à§‡à¦¨, à¦¸à§‡à¦­à¦¾à¦¬à§‡ à¦ªà§à¦°à¦¸à§à¦¤à§à¦¤ à¦¥à¦¾à¦•à¦¬à§‡à¦¨à¥¤ à¦­à¦¾à¦²à§‹ à¦¹à¦¯à¦¼ à¦¨à¦¿à¦œà§‡à¦° à¦¹à¦œà§‡à¦° à¦‡à¦šà§à¦›à¦¾à¦° à¦•à¦¥à¦¾, à¦“à¦¯à¦¼à¦¾à¦°à¦¿à¦¶à¦¦à§‡à¦° à¦…à¦¸à¦¿à¦¯à¦¼à¦¤ à¦•à¦°à§‡ à¦¯à¦¾à¦“à¦¯à¦¼à¦¾à¥¤ à¦…à¦—à¦¤à§à¦¯à¦¾ à¦¹à¦œ à¦¨à¦¾ à¦•à¦°à§‡ à¦®à¦¾à¦°à¦¾ à¦—à§‡à¦²à§‡à¦“ à¦¤à¦¾à¦° à¦ªà¦•à§à¦·à§‡ à¦¯à§‡à¦¨à§‹ à¦¬à¦¦à¦²à¦¿ à¦¹à¦œ à¦•à¦°à¦¾ à¦¹à¦¯à¦¼à¥¤</p>\r\n\r\n<p>à¦¹à¦¾à¦œà¦¿à¦¦à§‡à¦° à¦¨à¦¿à¦°à§à¦¬à¦¿à¦˜à§à¦¨à§‡ à¦¹à¦œà¦¬à§à¦°à¦¤ à¦ªà¦¾à¦²à¦¨à§‡ à¦¬à§à¦¯à¦¾à¦ªà¦• à¦ªà§à¦°à¦¸à§à¦¤à§à¦¤à¦¿ à¦¨à¦¿à¦¯à¦¼à§‡à¦›à§‡ à¦¸à§Œà¦¦à¦¿ à¦¸à¦°à¦•à¦¾à¦°à¥¤ à¦‡à¦¤à§‹à¦®à¦§à§à¦¯à§‡ à¦¹à¦œ à¦®à¦¨à§à¦¤à§à¦°à¦£à¦¾à¦²à¦¯à¦¼à§‡à¦° à¦•à¦°à§à¦®à¦•à¦°à§à¦¤à¦¾, à¦¸à¦¿à¦­à¦¿à¦² à¦¡à¦¿à¦«à§‡à¦¨à§à¦¸ à¦•à¦°à§à¦®à§€, à¦¨à¦¿à¦°à¦¾à¦ªà¦¤à§à¦¤à¦¾ à¦•à¦°à§à¦®à§€, à¦¡à¦¾à¦•à§à¦¤à¦¾à¦°, à¦¨à¦¾à¦°à§à¦¸, à¦ªà§à¦¯à¦¾à¦°à¦¾à¦®à§‡à¦¡à¦¿à¦• à¦à¦¬à¦‚ à¦®à¦¿à¦¡à¦¿à¦¯à¦¼à¦¾ à¦•à¦°à§à¦®à§€ à¦¨à¦¿à¦¯à¦¼à§‹à¦— à¦¦à§‡à¦“à¦¯à¦¼à¦¾à¦¸à¦¹ à¦…à¦¤à§à¦¯à¦¾à¦§à§à¦¨à¦¿à¦• à¦¸à¦°à¦žà§à¦œà¦¾à¦®à§‡ à¦¬à¦¿à¦¶à§‡à¦·à¦œà§à¦ž à¦¨à¦¿à¦°à¦¾à¦ªà¦¤à§à¦¤à¦¾ à¦•à¦°à§à¦®à§€à¦°à¦¾ à¦¦à¦¾à¦¯à¦¼à¦¿à¦¤à§à¦¬ à¦ªà¦¾à¦²à¦¨ à¦•à¦°à¦›à§‡ à¦¬à¦²à§‡ à¦œà¦¾à¦¨à¦¿à¦¯à¦¼à§‡à¦›à§‡ à¦¸à§Œà¦¦à¦¿ à¦¸à§à¦¬à¦°à¦¾à¦·à§à¦Ÿà§à¦° à¦®à¦¨à§à¦¤à§à¦°à¦£à¦¾à¦²à¦¯à¦¼à¥¤ à¦ªà§à¦°à¦¸à§à¦¤à§à¦¤ à¦°à¦¯à¦¼à§‡à¦›à§‡ à¦¬à§‡à¦¶ à¦•à¦¯à¦¼à§‡à¦•à¦Ÿà¦¿ à¦¹à¦¾à¦¸à¦¾à¦ªà¦¾à¦¤à¦¾à¦², à§¨à¦¶&rsquo; à¦…à§à¦¯à¦¾à¦®à§à¦¬à§à¦²à§‡à¦¨à§à¦¸ à¦“ à¦•à¦¯à¦¼à§‡à¦•à¦Ÿà¦¿ à¦¹à§‡à¦²à¦¿à¦•à¦ªà§à¦Ÿà¦¾à¦°à¥¤</p>\r\n', '2020-11-30', 0);

-- --------------------------------------------------------

--
-- Table structure for table `booking`
--

CREATE TABLE `booking` (
  `booking_id` int(11) NOT NULL,
  `user_id` int(11) NOT NULL,
  `package` int(50) NOT NULL,
  `email` varchar(255) NOT NULL,
  `name` varchar(255) NOT NULL,
  `phone` varchar(255) NOT NULL,
  `country` varchar(255) NOT NULL,
  `booking_type` varchar(255) NOT NULL,
  `comment` text DEFAULT NULL,
  `date` date NOT NULL,
  `status` int(11) NOT NULL
) ENGINE=InnoDB DEFAULT CHARSET=utf8;

--
-- Dumping data for table `booking`
--

INSERT INTO `booking` (`booking_id`, `user_id`, `package`, `email`, `name`, `phone`, `country`, `booking_type`, `comment`, `date`, `status`) VALUES
(1, 1, 1, 'mehedi@gmail.com', 'mehedi hasan', '01941697523', 'bangladesh', 'Hajj', 'sad', '2020-11-03', 1),
(2, 1, 2, 'mehedi@gmail.com', 'mehedi hasan', '01941697523', 'bangladesh', 'Umrah', 'note', '2020-11-03', 1),
(3, 2, 1, 'saem@gmail.com', 'MD Saem', '0175594141', 'bangladesh', 'Hajj', 'ok', '2020-11-03', 1),
(4, 1, 1, 'mehedi@gmail.com', 'mehedi hasan', '01941697523', 'bangladesh', 'Hajj', '6', '2020-11-04', 1),
(12, 2, 2, 'saem@gmail.com', 'MD Abu Saem', '0175594141', 'bangladesh', 'Umrah', 'test', '2020-11-07', 1),
(13, 39, 1, 'arif.masud32@gmail.com', 'arif masud', '01675024352', 'bangladesh', 'Hajj', 'Alhamdulillah', '2020-11-29', 1),
(14, 39, 3, 'arif.masud32@gmail.com', 'arif masud', '01675024352', 'bangladesh', 'Hajj', 'Good Luck', '2020-11-30', 1),
(15, 39, 4, 'arif.masud32@gmail.com', 'arif masud', '01675024352', 'bangladesh', 'Hajj', 't', '2020-11-30', 1);

-- --------------------------------------------------------

--
-- Table structure for table `chating`
--

CREATE TABLE `chating` (
  `id` int(11) NOT NULL,
  `m_id` int(10) NOT NULL,
  `message` varchar(400) NOT NULL,
  `image` varchar(100) NOT NULL,
  `m_name` varchar(255) NOT NULL,
  `date` datetime NOT NULL,
  `status` int(11) NOT NULL
) ENGINE=InnoDB DEFAULT CHARSET=utf8;

--
-- Dumping data for table `chating`
--

INSERT INTO `chating` (`id`, `m_id`, `message`, `image`, `m_name`, `date`, `status`) VALUES
(85, 39, 'test', 'IMG_20170811_235653.jpg', 'arif masud', '2020-11-30 08:30:08', 1),
(86, 39, 'ok pass', 'admin.jpg', 'arif masud', '2020-11-30 08:30:17', 1);

-- --------------------------------------------------------

--
-- Table structure for table `event`
--

CREATE TABLE `event` (
  `id` int(11) NOT NULL,
  `title` varchar(255) NOT NULL,
  `application` varchar(255) NOT NULL,
  `date` date NOT NULL,
  `time` time NOT NULL,
  `image` varchar(255) NOT NULL,
  `status` int(11) NOT NULL
) ENGINE=InnoDB DEFAULT CHARSET=utf8;

--
-- Dumping data for table `event`
--

INSERT INTO `event` (`id`, `title`, `application`, `date`, `time`, `image`, `status`) VALUES
(7, 'Pilgrims Training 2020', '<p>Training is important for pilgrims. because without proper training they can&#39;t perform hajj properly.</p>\r\n', '2020-11-30', '20:15:00', '2.jpg', 0);

-- --------------------------------------------------------

--
-- Table structure for table `gallery`
--

CREATE TABLE `gallery` (
  `gallery_id` int(11) NOT NULL,
  `title` varchar(255) NOT NULL,
  `image` varchar(255) NOT NULL
) ENGINE=InnoDB DEFAULT CHARSET=utf8;

--
-- Dumping data for table `gallery`
--

INSERT INTO `gallery` (`gallery_id`, `title`, `image`) VALUES
(1, 'test image', '5-6-1170x658.jpg'),
(4, 'Medina Tour 2019', '5.jpg'),
(5, 'Makkah Jiyarah 2018', '3.jpg'),
(6, 'Pilgrims Training 2018', '2.jpg'),
(7, 'This is test gallery 1', '0b6e5e79-c94f-43f9-9802-af7ad454d1711568193468498-Deewa-Printed-Jumpsuit-1581568193467754-1.jpg'),
(8, 'This is test gallery 2', 'dell-inspiron-15-5000-15.jpg'),
(9, 'This is test gallery 3', 'download.jpg');

-- --------------------------------------------------------

--
-- Table structure for table `invoice`
--

CREATE TABLE `invoice` (
  `invoice_id` int(11) NOT NULL,
  `invoice_number` int(11) NOT NULL,
  `user_id` int(11) NOT NULL,
  `booking_id` int(11) NOT NULL,
  `price` float NOT NULL,
  `pay_amount` float NOT NULL,
  `payment_by` varchar(50) NOT NULL,
  `account_number` varchar(100) NOT NULL,
  `date` date NOT NULL,
  `status` int(11) NOT NULL,
  `package_price_id` int(11) NOT NULL
) ENGINE=InnoDB DEFAULT CHARSET=utf8;

--
-- Dumping data for table `invoice`
--

INSERT INTO `invoice` (`invoice_id`, `invoice_number`, `user_id`, `booking_id`, `price`, `pay_amount`, `payment_by`, `account_number`, `date`, `status`, `package_price_id`) VALUES
(17, 307930, 1, 4, 500000, 500000, 'Bkash', '01941693752', '2020-11-04', 1, 1),
(18, 960400, 1, 1, 500000, 500000, 'Bank', '014541241142', '2020-11-04', 0, 1),
(19, 559633, 2, 3, 500000, 500000, 'Bank', '014521452142142', '2020-11-04', 1, 1),
(24, 921986, 1, 2, 450000, 450000, 'Bkash', '123456', '2020-11-14', 1, 2),
(31, 280056, 39, 13, 700000, 700000, 'Bank', '11125400', '2020-11-30', 1, 1),
(32, 568768, 39, 14, 600000, 600000, 'Bank', '1234', '2020-11-30', 1, 3),
(33, 693695, 39, 15, 4000000, 4000000, 'Bank', '112124145245278', '2020-11-30', 1, 4);

-- --------------------------------------------------------

--
-- Table structure for table `multi_menu`
--

CREATE TABLE `multi_menu` (
  `id` int(11) NOT NULL,
  `sub_menu_id` int(11) NOT NULL,
  `multi_menu_name` varchar(255) NOT NULL,
  `description` text NOT NULL,
  `status` int(11) NOT NULL,
  `date` date NOT NULL
) ENGINE=InnoDB DEFAULT CHARSET=utf8;

-- --------------------------------------------------------

--
-- Table structure for table `multi_menu_package`
--

CREATE TABLE `multi_menu_package` (
  `id` int(11) NOT NULL,
  `multi_menu_id` int(11) NOT NULL,
  `package_type_id` int(11) NOT NULL,
  `member_id` int(11) NOT NULL,
  `image` varchar(255) NOT NULL,
  `duration` varchar(255) NOT NULL,
  `application` text NOT NULL
) ENGINE=InnoDB DEFAULT CHARSET=utf8;

-- --------------------------------------------------------

--
-- Table structure for table `packages`
--

CREATE TABLE `packages` (
  `pakage_id` int(11) NOT NULL,
  `menu_id` int(11) NOT NULL,
  `pakage_type_id` int(11) NOT NULL,
  `member_id` int(11) NOT NULL,
  `image` varchar(255) NOT NULL,
  `duration` varchar(50) NOT NULL,
  `application` text NOT NULL
) ENGINE=InnoDB DEFAULT CHARSET=utf8;

--
-- Dumping data for table `packages`
--

INSERT INTO `packages` (`pakage_id`, `menu_id`, `pakage_type_id`, `member_id`, `image`, `duration`, `application`) VALUES
(4, 1, 1, 2, 'religious-2262799_1920-1170x658.jpg', ' 42-47 Days', '<ul>\r\n	<li>5* Hotel In Mecca.</li>\r\n	<li>&nbsp;5/4* Hotel In Madinah.</li>\r\n	<li>&nbsp;Hotel Distance, 0m From Masjid</li>\r\n	<li>Al-Haram and 150m From Masjid An-Nabawi.</li>\r\n	<li>&nbsp;5-7 People In Every Room.</li>\r\n	<li>&nbsp;Saudi / Biman Airlines Ticket.</li>\r\n	<li>&nbsp;Travel By Ac Bus.</li>\r\n</ul>\r\n'),
(9, 1, 2, 3, 'l-MAG-0218-Mecca-Disaster-1170x658.jpg', '42-45', '<ul>\r\n	<li>&nbsp;5/4* Hotel In Mecca.</li>\r\n	<li>&nbsp;4/3* Hotel In Madinah.</li>\r\n	<li>&nbsp;Hotel Distance, 0 &ndash; 200 Meter From Masjid&nbsp;Al-Haram and 0 &ndash; 200 Meter From Masjid An-Nabawi.</li>\r\n	<li>&nbsp;5-7 People In Every Room.</li>\r\n	<li>&nbsp;Saudi / Biman Airlines Ticket.</li>\r\n	<li>&nbsp;Travel By Ac Bus.</li>\r\n</ul>\r\n'),
(10, 1, 3, 2, 'hajj.jpg', '42-45', '<ul>\r\n	<li>4* Hotel In Mecca.</li>\r\n	<li>&nbsp;4/3* Hotel In Madinah.</li>\r\n	<li>&nbsp;Hotel Distance, 200 &ndash; 400 Meter From Masjid Al-Haram and 200 &ndash; 500 Meter From Masjid An-Nabawi.</li>\r\n	<li>&nbsp;5-7 People In Every Room.</li>\r\n	<li>&nbsp;Saudi / Biman Airlines Ticket.</li>\r\n	<li>&nbsp;Travel By Ac Bus.</li>\r\n</ul>\r\n'),
(11, 1, 4, 3, 'hajj 2.jpg', '40-45', '<ul>\r\n	<li>3* Hotel In Mecca.</li>\r\n	<li>&nbsp;3* Hotel In Madinah.</li>\r\n	<li>&nbsp;Hotel Distance, 700 &ndash; 900 Meter From Masjid Al-Haram and 700 &ndash; 900 Meter From Masjid An-Nabawi.</li>\r\n	<li>&nbsp;5-7 People In Every Room.</li>\r\n	<li>&nbsp;Saudi / Biman Airlines Ticket.</li>\r\n	<li>&nbsp;Travel By Ac Bus.</li>\r\n</ul>\r\n'),
(12, 9, 6, 2, 'umrah.jpg', '10-15', '<ul>\r\n	<li>&nbsp;Makkah &amp; Madinah 5*&nbsp;Hotel.</li>\r\n	<li>&nbsp;Hotel Distance, 0 &ndash; 100 Meter From Masjid Al-Haram and 0 &ndash; 100 Meter From Masjid An-Nabawi.</li>\r\n	<li>&nbsp;Hotels Name Makkah: Makkah Hotel (Ex.Hilton) Pullman Zamzam Makkah/ Dar Al Tawhid Intercontinental/ Fairmont Hotel Makkah/ Dar Al Gufran As Safwah/ Raffles Makkah Palace.&nbsp;&nbsp;</li>\r\n	<li>&nbsp;Hotels Name Madinah: Dar Al Taqwa Hotel/ Madinah Hilton Hotel/ Shaza Al Madinah/ Dar Al Eiman Intercontinental Madinah/ Pullman Zamzam Madinah/ Anwar Al Madinah Movenpick.&nbsp; &nbsp;&nbsp;</li>\r\n	<li>&nbsp;Airlines: Saudi Airlines/&nbsp; Biman Bangladesh.</li>\r\n	<li>&nbsp;<strong>**</strong>Travel By Ac Bus/ Ac Car (Toyota Cambry/ GMC/ Hiace)&nbsp;</li>\r\n	<li>&nbsp;With Food.</li>\r\n	<li>&nbsp;Include Makkah &amp; Madinah Ziyarah.</li>\r\n	<li>&nbsp;Package Can be Customized.</li>\r\n	<li>&nbsp;Condition Apply.</li>\r\n</ul>\r\n\r\n<p><strong>INFROMATION FOR VISA PROCESSING:</strong></p>\r\n\r\n<ul>\r\n	<li>&nbsp;Original Passport.</li>\r\n	<li>&nbsp;2 Copy Passport size photograph.</li>\r\n	<li>&nbsp;Within 5-8 Working Days Umrah Visa Can be Proceed .</li>\r\n</ul>\r\n');

-- --------------------------------------------------------

--
-- Table structure for table `package_price`
--

CREATE TABLE `package_price` (
  `id` int(11) NOT NULL,
  `package_name` varchar(255) NOT NULL,
  `price` float NOT NULL,
  `status` int(11) NOT NULL
) ENGINE=InnoDB DEFAULT CHARSET=utf8;

--
-- Dumping data for table `package_price`
--

INSERT INTO `package_price` (`id`, `package_name`, `price`, `status`) VALUES
(1, 'VIP Package', 700000, 0),
(2, 'Standard Package', 650000, 0),
(3, 'Executive Package', 600000, 0),
(4, 'Economic Package', 4000000, 0),
(5, 'Supper Economic Package', 360000, 0),
(6, 'Umrah VIP Package', 200000, 0);

-- --------------------------------------------------------

--
-- Table structure for table `public_msg`
--

CREATE TABLE `public_msg` (
  `id` int(11) NOT NULL,
  `name` varchar(255) NOT NULL,
  `email` varchar(255) NOT NULL,
  `message` varchar(255) NOT NULL,
  `date` date NOT NULL
) ENGINE=InnoDB DEFAULT CHARSET=utf8;

--
-- Dumping data for table `public_msg`
--

INSERT INTO `public_msg` (`id`, `name`, `email`, `message`, `date`) VALUES
(1, 'mehedi', 'mehedi@gmail.com', 'test', '2020-11-01');

-- --------------------------------------------------------

--
-- Table structure for table `sliders`
--

CREATE TABLE `sliders` (
  `id` int(11) NOT NULL,
  `image` varchar(255) NOT NULL
) ENGINE=InnoDB DEFAULT CHARSET=utf8;

--
-- Dumping data for table `sliders`
--

INSERT INTO `sliders` (`id`, `image`) VALUES
(11, 'umrah3.jpg'),
(12, 'umrah.jpg'),
(14, '9.jpg'),
(17, 'm5.jpg');

-- --------------------------------------------------------

--
-- Table structure for table `submenu`
--

CREATE TABLE `submenu` (
  `id` int(11) NOT NULL,
  `menu_name` varchar(255) NOT NULL,
  `main_menu` varchar(255) NOT NULL,
  `status` int(11) NOT NULL,
  `description` varchar(300) NOT NULL,
  `date` datetime NOT NULL
) ENGINE=InnoDB DEFAULT CHARSET=utf8;

--
-- Dumping data for table `submenu`
--

INSERT INTO `submenu` (`id`, `menu_name`, `main_menu`, `status`, `description`, `date`) VALUES
(1, 'Hajj Package 2021', 'hajj_offers', 0, '   Each year hundreds of Muslims embark on the holy journey of Hajj with Al Manar Tours and Travels Ltd. We offers the most convenient and pocket friendly services. Cheap Hajj Packages are available without any hassle and with comfortable pilgrimage guarantee.', '2020-10-31 17:05:51'),
(9, 'Umrah Packages', 'umrah_offers', 0, 'Looking for Cheap Umrah Packages? You are indeed at the right place. Through its well linked network Al Manar Tours and Travels Ltd. provides the Umrah services at the cheapest rates available in the market. Not only this, Al Manar Tours and Travels Ltd. also promises the best value for your money.', '2020-11-29 22:18:38');

-- --------------------------------------------------------

--
-- Table structure for table `sub_gallery`
--

CREATE TABLE `sub_gallery` (
  `id` int(11) NOT NULL,
  `gallery_id` int(11) NOT NULL,
  `image` varchar(255) NOT NULL
) ENGINE=InnoDB DEFAULT CHARSET=utf8;

--
-- Dumping data for table `sub_gallery`
--

INSERT INTO `sub_gallery` (`id`, `gallery_id`, `image`) VALUES
(57, 1, '7.JPG'),
(59, 4, '1.jpg'),
(60, 4, '2.jpg'),
(61, 4, '4.jpg'),
(62, 4, '7.jpg'),
(63, 4, '8.jpg'),
(64, 4, '9.jpg'),
(66, 5, '8.jpg'),
(68, 5, '11.jpg'),
(69, 5, '9.jpg'),
(70, 5, '6.jpg'),
(73, 5, '1.jpg'),
(74, 5, '2.jpg'),
(75, 5, '4.jpg'),
(76, 6, '4.jpg'),
(78, 6, '1.jpg'),
(79, 6, '5.jpg'),
(80, 6, '3.jpg'),
(86, 8, 'a315-53-n17c4-1-500x500.jpg'),
(87, 8, 'a315-53-n17c4-2-500x500.jpg'),
(90, 9, 'download.jpg'),
(91, 9, 'maxresdefault.jpg'),
(92, 9, 'xiaomi-redmi-note-8-1.jpg'),
(93, 9, 'xiaomi-redmi-s2-14-1.jpg'),
(94, 7, '0b6e5e79-c94f-43f9-9802-af7ad454d1711568193468498-Deewa-Printed-Jumpsuit-1581568193467754-1.jpg'),
(95, 7, '6dac6c2437d3b1f03d3072d73b5d6f57.jpg'),
(96, 7, '7d63d371-1e23-4a9c-8875-6a9e98f1f7991568193468392-Deewa-Printed-Jumpsuit-1581568193467754-4.jpg'),
(97, 7, '10e0a246-a793-4f45-8462-567d0f5561131568193468366-Deewa-Printed-Jumpsuit-1581568193467754-5.jpg'),
(98, 7, '71LzHMZu2XL._UY445_.jpg'),
(99, 7, '458f601d-a183-49e7-a333-ef91493bd2d91568193468425-Deewa-Printed-Jumpsuit-1581568193467754-3.jpg'),
(100, 8, 'a315-53-n17c4-3-500x500.jpg'),
(101, 8, 'dell-inspiron-15-5000-15.jpg');

-- --------------------------------------------------------

--
-- Table structure for table `sub_tour`
--

CREATE TABLE `sub_tour` (
  `sub_tour_id` int(11) NOT NULL,
  `tour_id` int(11) NOT NULL,
  `title` varchar(255) NOT NULL,
  `tour_type` varchar(255) NOT NULL,
  `duration` varchar(255) NOT NULL,
  `package` varchar(255) NOT NULL,
  `price` float NOT NULL,
  `image` varchar(255) NOT NULL
) ENGINE=InnoDB DEFAULT CHARSET=utf8;

--
-- Dumping data for table `sub_tour`
--

INSERT INTO `sub_tour` (`sub_tour_id`, `tour_id`, `title`, `tour_type`, `duration`, `package`, `price`, `image`) VALUES
(5, 1, 'Package1', 'Group Tour', '6-7', 'vip', 60000, 'd8.webp'),
(6, 1, 'Burj Khalifa', 'Family Tour', '8-9 Days', 'economic', 35000, 'd3.jpeg');

-- --------------------------------------------------------

--
-- Table structure for table `team_member`
--

CREATE TABLE `team_member` (
  `id` int(11) NOT NULL,
  `name` varchar(255) NOT NULL,
  `email` varchar(255) NOT NULL,
  `phone` varchar(255) NOT NULL,
  `position` varchar(255) NOT NULL,
  `application` text NOT NULL,
  `image` varchar(255) NOT NULL
) ENGINE=InnoDB DEFAULT CHARSET=utf8;

--
-- Dumping data for table `team_member`
--

INSERT INTO `team_member` (`id`, `name`, `email`, `phone`, `position`, `application`, `image`) VALUES
(2, 'Shaikh Ahmadullah', 'ahsaikh@gmail.com', '01751717474', ' Sharia Consultant', '<p>Shaikh Ahmad Ullah is a well Known Renowned Islamic Scholar of Bangladesh More than 100 research articles in Bangla, and Arabic have been published in various Journals. Following 15 research or translation works in Bangla, or Arabic have been<br />\r\n17. Social Activities<br />\r\nLacturer at various TV channels and in public gatherings around.<br />\r\n18. Present Profession:<br />\r\nPreacher (Da&rsquo;yee) And Translator, Office of Da&rsquo;wah and Guidance in West Dammam, ksa From 2009-</p>\r\n', '11.jpg'),
(3, 'Dr. Abu Bakar Mohammad Zakaria', 'zakaria@gmail.com', '01755374793', 'Director & Sharia Consultant', '<p>Dr Abubakar Muhammad Zakaria is a well Known Renowned Islamic Scholar of Bangladesh. He has PhD in Islamic Shariah with specialization in Akida from Islamic University of Madinah.</p>\r\n\r\n<p>Research interest<br />\r\nFiqh, Qur&#39;an Tafseer, Hadith Explanation, Khutba, Discussion, Dawah<br />\r\nTeaching Courses<br />\r\nShariah, Comparative Law, Comparative Religion, Creed, Islamic History, Tafseer, Dawah</p>\r\n', '22.jpg');

-- --------------------------------------------------------

--
-- Table structure for table `tour`
--

CREATE TABLE `tour` (
  `tour_id` int(11) NOT NULL,
  `title` varchar(255) NOT NULL,
  `description` text NOT NULL,
  `image` varchar(255) NOT NULL
) ENGINE=InnoDB DEFAULT CHARSET=utf8;

--
-- Dumping data for table `tour`
--

INSERT INTO `tour` (`tour_id`, `title`, `description`, `image`) VALUES
(1, 'Dubai Private tour Any Day (Minimum 2 Person)', 'Want to book Dubai Private tour Any Day? Whether you’re off for a romantic vacation, family trip, or an all-inclusive holiday, Dubai Private tour Any Day on Haramain Haj Umrah make planning your trip simple and affordable.\r\n\r\nFind the perfect Private tour for Dubai on Haramain Haj Umrah by comparing Dubai hotel and flight prices. Book your Dubai Private tour Any Day!', 'IMG_20200827_092234-01.jpeg');

-- --------------------------------------------------------

--
-- Table structure for table `tour_booking`
--

CREATE TABLE `tour_booking` (
  `tour_book_id` int(11) NOT NULL,
  `user_id` int(11) NOT NULL,
  `name` varchar(255) NOT NULL,
  `email` varchar(255) NOT NULL,
  `phone` varchar(255) NOT NULL,
  `sub_tour_id` int(11) NOT NULL,
  `person` varchar(10) NOT NULL,
  `date` date NOT NULL
) ENGINE=InnoDB DEFAULT CHARSET=utf8;

--
-- Dumping data for table `tour_booking`
--

INSERT INTO `tour_booking` (`tour_book_id`, `user_id`, `name`, `email`, `phone`, `sub_tour_id`, `person`, `date`) VALUES
(2, 39, 'arif masud', 'arif.masud32@gmail.com', '01675024352', 5, '6', '2020-11-29'),
(3, 39, 'arif masud', 'arif.masud32@gmail.com', '01675024352', 6, '6', '2020-11-30'),
(4, 39, 'arif masud', 'arif.masud32@gmail.com', '01675024352', 6, '0167502435', '2020-11-30');

-- --------------------------------------------------------

--
-- Table structure for table `tour_invoice`
--

CREATE TABLE `tour_invoice` (
  `tour_invoice_id` int(11) NOT NULL,
  `tour_booking_id` int(11) NOT NULL,
  `user_id` int(11) NOT NULL,
  `sub_tour_id` int(11) NOT NULL,
  `tour_invoice_number` int(11) NOT NULL,
  `person` int(10) NOT NULL,
  `price` float NOT NULL,
  `pay_amount` float NOT NULL,
  `payment_method` varchar(50) NOT NULL,
  `account_number` int(11) NOT NULL,
  `date` date NOT NULL,
  `status` int(11) NOT NULL
) ENGINE=InnoDB DEFAULT CHARSET=utf8;

--
-- Dumping data for table `tour_invoice`
--

INSERT INTO `tour_invoice` (`tour_invoice_id`, `tour_booking_id`, `user_id`, `sub_tour_id`, `tour_invoice_number`, `person`, `price`, `pay_amount`, `payment_method`, `account_number`, `date`, `status`) VALUES
(12, 2, 39, 5, 21595, 6, 360000, 360000, 'Bank', 2147483647, '2020-11-29', 0),
(13, 3, 39, 6, 597971, 6, 210000, 210000, 'Bkash', 1675024352, '2020-11-30', 0);

-- --------------------------------------------------------

--
-- Table structure for table `users`
--

CREATE TABLE `users` (
  `id` int(11) NOT NULL,
  `first_name` varchar(255) NOT NULL,
  `last_name` varchar(255) NOT NULL,
  `email` varchar(255) NOT NULL,
  `phone` varchar(255) NOT NULL,
  `address` varchar(255) NOT NULL,
  `ps` varchar(250) NOT NULL,
  `city` varchar(255) NOT NULL,
  `postal` varchar(255) NOT NULL,
  `date_of_birth` date NOT NULL,
  `image` varchar(255) NOT NULL,
  `gender` varchar(255) NOT NULL,
  `password` varchar(255) NOT NULL,
  `status` int(11) NOT NULL,
  `role` int(11) NOT NULL
) ENGINE=InnoDB DEFAULT CHARSET=utf8;

--
-- Dumping data for table `users`
--

INSERT INTO `users` (`id`, `first_name`, `last_name`, `email`, `phone`, `address`, `ps`, `city`, `postal`, `date_of_birth`, `image`, `gender`, `password`, `status`, `role`) VALUES
(1, 'mehedi', 'hasan', 'mehedi@gmail.com', '01941697523', 'Panthapath', 'Tejgaon', 'Dhaka', '1212', '1997-12-12', 'rsz_img_2225-01.jpg', 'Male', '5bf65e77ae0408e941d681d00f1a857b6c43afadf8095cc91785be54fa19809e', 0, 0),
(2, 'MD', 'Abu Saem', 'saem@gmail.com', '0175594141', 'panthapath', 'dhanmondi', 'dhaka', '1377', '1996-12-11', 'Capture.JPG', 'Male', '03ac674216f3e15c761ee1a5e255f067953623c8b388b4459e13f978d7c846f4', 0, 0),
(13, 'mehedi', 'hasan', 'mehedi221@gmail.com', '01755374145', 'panthapath', 'dhanmondi', 'dhaka', '1212', '1997-12-12', '1.jpg', 'Male', '03ac674216f3e15c761ee1a5e255f067953623c8b388b4459e13f978d7c846f4', 0, 0),
(36, 'mehedi hasan', 'shanto', 'mehedqiq1@gmail.com', '12345678911', '', '', '', '', '0000-00-00', '1.JPG', 'Male', '6b86b273ff34fce19d6b804eff5a3f5747ada4eaa22f1d49c01e52ddb7875b4b', 0, 0),
(39, 'arif', 'masud', 'arif.masud32@gmail.com', '01675024352', '', 'Bhaluka', 'mymensingh', '2240', '1994-12-16', 'IMG_20170811_235653.jpg', 'Male', '5994471abb01112afcc18159f6cc74b4f511b99806da59b3caf5a9c173cacfc5', 0, 0),
(40, 'khalid', 'saif', 'saifk1@gmail.com', '01670000000', '', 'kapasia', 'gajipur', '2200', '1994-12-11', '11018571_780729568709565_2910687406596018_o.jpg', 'Male', '5994471abb01112afcc18159f6cc74b4f511b99806da59b3caf5a9c173cacfc5', 0, 0);

--
-- Indexes for dumped tables
--

--
-- Indexes for table `admin`
--
ALTER TABLE `admin`
  ADD PRIMARY KEY (`id`);

--
-- Indexes for table `blogs`
--
ALTER TABLE `blogs`
  ADD PRIMARY KEY (`blog_id`);

--
-- Indexes for table `booking`
--
ALTER TABLE `booking`
  ADD PRIMARY KEY (`booking_id`),
  ADD KEY `user_id` (`user_id`),
  ADD KEY `package` (`package`);

--
-- Indexes for table `chating`
--
ALTER TABLE `chating`
  ADD PRIMARY KEY (`id`);

--
-- Indexes for table `event`
--
ALTER TABLE `event`
  ADD PRIMARY KEY (`id`);

--
-- Indexes for table `gallery`
--
ALTER TABLE `gallery`
  ADD PRIMARY KEY (`gallery_id`);

--
-- Indexes for table `invoice`
--
ALTER TABLE `invoice`
  ADD PRIMARY KEY (`invoice_id`),
  ADD KEY `user_id` (`user_id`),
  ADD KEY `booking_id` (`booking_id`),
  ADD KEY `package_price_id` (`package_price_id`);

--
-- Indexes for table `multi_menu`
--
ALTER TABLE `multi_menu`
  ADD PRIMARY KEY (`id`),
  ADD KEY `sub_menu_id` (`sub_menu_id`);

--
-- Indexes for table `multi_menu_package`
--
ALTER TABLE `multi_menu_package`
  ADD PRIMARY KEY (`id`),
  ADD KEY `multi_menu_id` (`multi_menu_id`),
  ADD KEY `package_type_id` (`package_type_id`),
  ADD KEY `member_id` (`member_id`);

--
-- Indexes for table `packages`
--
ALTER TABLE `packages`
  ADD PRIMARY KEY (`pakage_id`),
  ADD KEY `packages_ibfk_1` (`menu_id`),
  ADD KEY `packages_ibfk_2` (`pakage_type_id`),
  ADD KEY `member_id` (`member_id`);

--
-- Indexes for table `package_price`
--
ALTER TABLE `package_price`
  ADD PRIMARY KEY (`id`);

--
-- Indexes for table `public_msg`
--
ALTER TABLE `public_msg`
  ADD PRIMARY KEY (`id`);

--
-- Indexes for table `sliders`
--
ALTER TABLE `sliders`
  ADD PRIMARY KEY (`id`);

--
-- Indexes for table `submenu`
--
ALTER TABLE `submenu`
  ADD PRIMARY KEY (`id`);

--
-- Indexes for table `sub_gallery`
--
ALTER TABLE `sub_gallery`
  ADD PRIMARY KEY (`id`),
  ADD KEY `gallery_id` (`gallery_id`);

--
-- Indexes for table `sub_tour`
--
ALTER TABLE `sub_tour`
  ADD PRIMARY KEY (`sub_tour_id`),
  ADD KEY `tour_id` (`tour_id`);

--
-- Indexes for table `team_member`
--
ALTER TABLE `team_member`
  ADD PRIMARY KEY (`id`);

--
-- Indexes for table `tour`
--
ALTER TABLE `tour`
  ADD PRIMARY KEY (`tour_id`);

--
-- Indexes for table `tour_booking`
--
ALTER TABLE `tour_booking`
  ADD PRIMARY KEY (`tour_book_id`),
  ADD KEY `user_id` (`user_id`),
  ADD KEY `sub_tour_id` (`sub_tour_id`);

--
-- Indexes for table `tour_invoice`
--
ALTER TABLE `tour_invoice`
  ADD PRIMARY KEY (`tour_invoice_id`),
  ADD KEY `user_id` (`user_id`),
  ADD KEY `tour_booking_id` (`tour_booking_id`),
  ADD KEY `sub_tour_id` (`sub_tour_id`);

--
-- Indexes for table `users`
--
ALTER TABLE `users`
  ADD PRIMARY KEY (`id`);

--
-- AUTO_INCREMENT for dumped tables
--

--
-- AUTO_INCREMENT for table `admin`
--
ALTER TABLE `admin`
  MODIFY `id` int(11) NOT NULL AUTO_INCREMENT, AUTO_INCREMENT=2;

--
-- AUTO_INCREMENT for table `blogs`
--
ALTER TABLE `blogs`
  MODIFY `blog_id` int(11) NOT NULL AUTO_INCREMENT, AUTO_INCREMENT=6;

--
-- AUTO_INCREMENT for table `booking`
--
ALTER TABLE `booking`
  MODIFY `booking_id` int(11) NOT NULL AUTO_INCREMENT, AUTO_INCREMENT=16;

--
-- AUTO_INCREMENT for table `chating`
--
ALTER TABLE `chating`
  MODIFY `id` int(11) NOT NULL AUTO_INCREMENT, AUTO_INCREMENT=87;

--
-- AUTO_INCREMENT for table `event`
--
ALTER TABLE `event`
  MODIFY `id` int(11) NOT NULL AUTO_INCREMENT, AUTO_INCREMENT=8;

--
-- AUTO_INCREMENT for table `gallery`
--
ALTER TABLE `gallery`
  MODIFY `gallery_id` int(11) NOT NULL AUTO_INCREMENT, AUTO_INCREMENT=10;

--
-- AUTO_INCREMENT for table `invoice`
--
ALTER TABLE `invoice`
  MODIFY `invoice_id` int(11) NOT NULL AUTO_INCREMENT, AUTO_INCREMENT=34;

--
-- AUTO_INCREMENT for table `multi_menu`
--
ALTER TABLE `multi_menu`
  MODIFY `id` int(11) NOT NULL AUTO_INCREMENT, AUTO_INCREMENT=5;

--
-- AUTO_INCREMENT for table `multi_menu_package`
--
ALTER TABLE `multi_menu_package`
  MODIFY `id` int(11) NOT NULL AUTO_INCREMENT, AUTO_INCREMENT=5;

--
-- AUTO_INCREMENT for table `packages`
--
ALTER TABLE `packages`
  MODIFY `pakage_id` int(11) NOT NULL AUTO_INCREMENT, AUTO_INCREMENT=15;

--
-- AUTO_INCREMENT for table `package_price`
--
ALTER TABLE `package_price`
  MODIFY `id` int(11) NOT NULL AUTO_INCREMENT, AUTO_INCREMENT=9;

--
-- AUTO_INCREMENT for table `public_msg`
--
ALTER TABLE `public_msg`
  MODIFY `id` int(11) NOT NULL AUTO_INCREMENT, AUTO_INCREMENT=2;

--
-- AUTO_INCREMENT for table `sliders`
--
ALTER TABLE `sliders`
  MODIFY `id` int(11) NOT NULL AUTO_INCREMENT, AUTO_INCREMENT=18;

--
-- AUTO_INCREMENT for table `submenu`
--
ALTER TABLE `submenu`
  MODIFY `id` int(11) NOT NULL AUTO_INCREMENT, AUTO_INCREMENT=10;

--
-- AUTO_INCREMENT for table `sub_gallery`
--
ALTER TABLE `sub_gallery`
  MODIFY `id` int(11) NOT NULL AUTO_INCREMENT, AUTO_INCREMENT=102;

--
-- AUTO_INCREMENT for table `sub_tour`
--
ALTER TABLE `sub_tour`
  MODIFY `sub_tour_id` int(11) NOT NULL AUTO_INCREMENT, AUTO_INCREMENT=7;

--
-- AUTO_INCREMENT for table `team_member`
--
ALTER TABLE `team_member`
  MODIFY `id` int(11) NOT NULL AUTO_INCREMENT, AUTO_INCREMENT=6;

--
-- AUTO_INCREMENT for table `tour`
--
ALTER TABLE `tour`
  MODIFY `tour_id` int(11) NOT NULL AUTO_INCREMENT, AUTO_INCREMENT=3;

--
-- AUTO_INCREMENT for table `tour_booking`
--
ALTER TABLE `tour_booking`
  MODIFY `tour_book_id` int(11) NOT NULL AUTO_INCREMENT, AUTO_INCREMENT=5;

--
-- AUTO_INCREMENT for table `tour_invoice`
--
ALTER TABLE `tour_invoice`
  MODIFY `tour_invoice_id` int(11) NOT NULL AUTO_INCREMENT, AUTO_INCREMENT=17;

--
-- AUTO_INCREMENT for table `users`
--
ALTER TABLE `users`
  MODIFY `id` int(11) NOT NULL AUTO_INCREMENT, AUTO_INCREMENT=41;

--
-- Constraints for dumped tables
--

--
-- Constraints for table `booking`
--
ALTER TABLE `booking`
  ADD CONSTRAINT `booking_ibfk_1` FOREIGN KEY (`user_id`) REFERENCES `users` (`id`) ON UPDATE CASCADE,
  ADD CONSTRAINT `booking_ibfk_2` FOREIGN KEY (`package`) REFERENCES `package_price` (`id`) ON UPDATE CASCADE;

--
-- Constraints for table `invoice`
--
ALTER TABLE `invoice`
  ADD CONSTRAINT `invoice_ibfk_1` FOREIGN KEY (`user_id`) REFERENCES `users` (`id`) ON UPDATE CASCADE,
  ADD CONSTRAINT `invoice_ibfk_2` FOREIGN KEY (`booking_id`) REFERENCES `booking` (`booking_id`) ON UPDATE CASCADE,
  ADD CONSTRAINT `invoice_ibfk_3` FOREIGN KEY (`package_price_id`) REFERENCES `package_price` (`id`) ON UPDATE CASCADE;

--
-- Constraints for table `multi_menu`
--
ALTER TABLE `multi_menu`
  ADD CONSTRAINT `multi_menu_ibfk_1` FOREIGN KEY (`sub_menu_id`) REFERENCES `submenu` (`id`) ON DELETE CASCADE ON UPDATE CASCADE;

--
-- Constraints for table `multi_menu_package`
--
ALTER TABLE `multi_menu_package`
  ADD CONSTRAINT `multi_menu_package_ibfk_1` FOREIGN KEY (`multi_menu_id`) REFERENCES `multi_menu` (`id`) ON DELETE CASCADE ON UPDATE CASCADE,
  ADD CONSTRAINT `multi_menu_package_ibfk_2` FOREIGN KEY (`package_type_id`) REFERENCES `package_price` (`id`) ON DELETE CASCADE ON UPDATE CASCADE,
  ADD CONSTRAINT `multi_menu_package_ibfk_3` FOREIGN KEY (`member_id`) REFERENCES `team_member` (`id`) ON DELETE CASCADE ON UPDATE CASCADE;

--
-- Constraints for table `packages`
--
ALTER TABLE `packages`
  ADD CONSTRAINT `packages_ibfk_1` FOREIGN KEY (`menu_id`) REFERENCES `submenu` (`id`) ON DELETE CASCADE ON UPDATE CASCADE,
  ADD CONSTRAINT `packages_ibfk_2` FOREIGN KEY (`pakage_type_id`) REFERENCES `package_price` (`id`) ON DELETE CASCADE ON UPDATE CASCADE,
  ADD CONSTRAINT `packages_ibfk_3` FOREIGN KEY (`member_id`) REFERENCES `team_member` (`id`) ON DELETE CASCADE ON UPDATE CASCADE;

--
-- Constraints for table `sub_gallery`
--
ALTER TABLE `sub_gallery`
  ADD CONSTRAINT `sub_gallery_ibfk_1` FOREIGN KEY (`gallery_id`) REFERENCES `gallery` (`gallery_id`) ON DELETE CASCADE ON UPDATE CASCADE;

--
-- Constraints for table `sub_tour`
--
ALTER TABLE `sub_tour`
  ADD CONSTRAINT `sub_tour_ibfk_1` FOREIGN KEY (`tour_id`) REFERENCES `tour` (`tour_id`) ON DELETE CASCADE ON UPDATE CASCADE;

--
-- Constraints for table `tour_booking`
--
ALTER TABLE `tour_booking`
  ADD CONSTRAINT `tour_booking_ibfk_1` FOREIGN KEY (`user_id`) REFERENCES `users` (`id`) ON DELETE CASCADE ON UPDATE CASCADE,
  ADD CONSTRAINT `tour_booking_ibfk_2` FOREIGN KEY (`sub_tour_id`) REFERENCES `sub_tour` (`sub_tour_id`) ON DELETE CASCADE ON UPDATE CASCADE;

--
-- Constraints for table `tour_invoice`
--
ALTER TABLE `tour_invoice`
  ADD CONSTRAINT `tour_invoice_ibfk_1` FOREIGN KEY (`user_id`) REFERENCES `users` (`id`) ON DELETE CASCADE ON UPDATE CASCADE,
  ADD CONSTRAINT `tour_invoice_ibfk_2` FOREIGN KEY (`tour_booking_id`) REFERENCES `tour_booking` (`tour_book_id`) ON DELETE CASCADE ON UPDATE CASCADE,
  ADD CONSTRAINT `tour_invoice_ibfk_3` FOREIGN KEY (`sub_tour_id`) REFERENCES `sub_tour` (`sub_tour_id`) ON DELETE CASCADE ON UPDATE CASCADE;
COMMIT;

/*!40101 SET CHARACTER_SET_CLIENT=@OLD_CHARACTER_SET_CLIENT */;
/*!40101 SET CHARACTER_SET_RESULTS=@OLD_CHARACTER_SET_RESULTS */;
/*!40101 SET COLLATION_CONNECTION=@OLD_COLLATION_CONNECTION */;
